C806.C-TRICLINIC                        
    5.0000                   Distance between grid points
   73                        Number of PHI1-values
     .0000                   First value of PHI1
   19                        Number of PHI2-values
     .0000                   First value of PHI2
   19                        Number of PHI-values
     .0000                   First value of PHI
    .0818    .0723   -.0482   -.0108    .5907   2.9931  12.9801  37.0245
  67.6432  82.2554  67.6436  37.0249  12.9803   2.9932    .5908   -.0108
   -.0482    .0723    .0818    .0723   -.0482   -.0108    .5907   2.9930
  12.9798  37.0240  67.6428  82.2554  67.6440  37.0253  12.9805   2.9932
    .5908   -.0108   -.0482    .0723    .0818    .0723   -.0482   -.0108
    .5907   2.9931  12.9801  37.0245  67.6432  82.2554  67.6436  37.0249
  12.9803   2.9932    .5908   -.0108   -.0482    .0723    .0818    .0723
   -.0482   -.0108    .5907   2.9930  12.9798  37.0240  67.6428  82.2554
  67.6440  37.0253  12.9805   2.9932    .5908   -.0108   -.0482    .0723
    .0818
    .0722   -.0482   -.0108    .5907   2.9931  12.9801  37.0245  67.6432
  82.2555  67.6435  37.0249  12.9803   2.9932    .5908   -.0108   -.0482
    .0722    .0818    .0723   -.0482   -.0108    .5907   2.9930  12.9798
  37.0240  67.6428  82.2555  67.6439  37.0253  12.9805   2.9932    .5908
   -.0108   -.0482    .0722    .0818    .0723   -.0482   -.0108    .5907
   2.9931  12.9801  37.0245  67.6432  82.2555  67.6435  37.0249  12.9803
   2.9932    .5908   -.0108   -.0482    .0722    .0818    .0723   -.0482
   -.0108    .5907   2.9930  12.9798  37.0240  67.6428  82.2555  67.6439
  37.0253  12.9805   2.9932    .5908   -.0108   -.0482    .0722    .0818
    .0723
   -.0482   -.0108    .5907   2.9931  12.9801  37.0245  67.6432  82.2555
  67.6435  37.0248  12.9803   2.9931    .5907   -.0108   -.0482    .0723
    .0818    .0723   -.0482   -.0108    .5907   2.9930  12.9798  37.0241
  67.6428  82.2555  67.6439  37.0253  12.9805   2.9932    .5908   -.0108
   -.0482    .0723    .0818    .0723   -.0482   -.0108    .5907   2.9931
  12.9801  37.0245  67.6432  82.2555  67.6435  37.0248  12.9803   2.9931
    .5907   -.0108   -.0482    .0723    .0818    .0723   -.0482   -.0108
    .5907   2.9930  12.9798  37.0241  67.6428  82.2555  67.6439  37.0253
  12.9805   2.9932    .5908   -.0108   -.0482    .0723    .0818    .0723
   -.0482
   -.0108    .5907   2.9931  12.9801  37.0245  67.6432  82.2555  67.6435
  37.0248  12.9803   2.9931    .5907   -.0108   -.0482    .0723    .0818
    .0723   -.0482   -.0108    .5907   2.9930  12.9799  37.0241  67.6429
  82.2555  67.6439  37.0253  12.9805   2.9932    .5908   -.0108   -.0482
    .0722    .0818    .0723   -.0482   -.0108    .5907   2.9931  12.9801
  37.0245  67.6432  82.2555  67.6435  37.0248  12.9803   2.9931    .5907
   -.0108   -.0482    .0723    .0818    .0723   -.0482   -.0108    .5907
   2.9930  12.9799  37.0241  67.6429  82.2555  67.6439  37.0253  12.9805
   2.9932    .5908   -.0108   -.0482    .0722    .0818    .0723   -.0482
   -.0108
    .5907   2.9931  12.9801  37.0246  67.6433  82.2555  67.6435  37.0248
  12.9802   2.9931    .5908   -.0108   -.0482    .0723    .0818    .0723
   -.0482   -.0108    .5907   2.9930  12.9799  37.0241  67.6429  82.2555
  67.6439  37.0252  12.9805   2.9932    .5908   -.0108   -.0482    .0723
    .0818    .0723   -.0482   -.0108    .5907   2.9931  12.9801  37.0246
  67.6433  82.2555  67.6435  37.0248  12.9802   2.9931    .5908   -.0108
   -.0482    .0723    .0818    .0723   -.0482   -.0108    .5907   2.9930
  12.9799  37.0241  67.6429  82.2555  67.6439  37.0252  12.9805   2.9932
    .5908   -.0108   -.0482    .0723    .0818    .0723   -.0482   -.0108
    .5907
   2.9931  12.9801  37.0246  67.6433  82.2555  67.6435  37.0248  12.9802
   2.9931    .5907   -.0108   -.0482    .0723    .0818    .0723   -.0482
   -.0108    .5907   2.9930  12.9799  37.0241  67.6429  82.2555  67.6438
  37.0252  12.9805   2.9932    .5908   -.0108   -.0482    .0723    .0818
    .0723   -.0482   -.0108    .5907   2.9930  12.9801  37.0246  67.6433
  82.2555  67.6435  37.0248  12.9802   2.9931    .5907   -.0108   -.0482
    .0723    .0818    .0723   -.0482   -.0108    .5907   2.9930  12.9799
  37.0241  67.6429  82.2555  67.6438  37.0252  12.9805   2.9932    .5908
   -.0108   -.0482    .0723    .0818    .0723   -.0482   -.0108    .5907
   2.9930
  12.9801  37.0246  67.6433  82.2555  67.6434  37.0247  12.9802   2.9931
    .5908   -.0108   -.0482    .0723    .0818    .0723   -.0482   -.0108
    .5907   2.9930  12.9799  37.0242  67.6429  82.2555  67.6438  37.0252
  12.9805   2.9932    .5908   -.0108   -.0482    .0723    .0818    .0723
   -.0482   -.0108    .5907   2.9930  12.9797  37.0246  67.6433  82.2555
  67.6434  37.0247  12.9802   2.9931    .5908   -.0108   -.0482    .0723
    .0818    .0723   -.0482   -.0108    .5907   2.9930  12.9799  37.0242
  67.6429  82.2555  67.6438  37.0252  12.9805   2.9932    .5908   -.0108
   -.0482    .0723    .0818    .0723   -.0482   -.0108    .5907   2.9930
  12.9797
  37.0246  67.6433  82.2555  67.6434  37.0247  12.9802   2.9931    .5907
   -.0108   -.0482    .0723    .0818    .0723   -.0482   -.0108    .5907
   2.9930  12.9799  37.0242  67.6430  82.2555  67.6438  37.0252  12.9804
   2.9932    .5908   -.0108   -.0482    .0723    .0818    .0723   -.0482
   -.0108    .5907   2.9930  12.9797  37.0237  67.6433  82.2555  67.6434
  37.0247  12.9802   2.9931    .5907   -.0108   -.0482    .0723    .0818
    .0723   -.0482   -.0108    .5907   2.9930  12.9799  37.0242  67.6430
  82.2555  67.6438  37.0252  12.9804   2.9932    .5908   -.0108   -.0482
    .0723    .0818    .0723   -.0482   -.0108    .5907   2.9930  12.9797
  37.0237
  67.6434  82.2555  67.6434  37.0247  12.9802   2.9931    .5907   -.0108
   -.0482    .0723    .0818    .0723   -.0482   -.0108    .5907   2.9930
  12.9799  37.0242  67.6430  82.2555  67.6438  37.0251  12.9804   2.9932
    .5908   -.0108   -.0482    .0723    .0818    .0723   -.0482   -.0108
    .5907   2.9930  12.9797  37.0238  67.6426  82.2555  67.6434  37.0247
  12.9802   2.9931    .5907   -.0108   -.0482    .0723    .0818    .0723
   -.0482   -.0108    .5907   2.9930  12.9799  37.0242  67.6430  82.2555
  67.6438  37.0251  12.9804   2.9932    .5908   -.0108   -.0482    .0723
    .0818    .0723   -.0482   -.0108    .5907   2.9930  12.9797  37.0238
  67.6426
  82.2555  67.6434  37.0247  12.9802   2.9931    .5907   -.0108   -.0482
    .0723    .0818    .0723   -.0482   -.0108    .5907   2.9931  12.9799
  37.0242  67.6430  82.2555  67.6438  37.0251  12.9804   2.9932    .5908
   -.0108   -.0482    .0723    .0818    .0723   -.0482   -.0108    .5907
   2.9930  12.9797  37.0238  67.6426  82.2555  67.6434  37.0247  12.9802
   2.9931    .5907   -.0108   -.0482    .0723    .0818    .0723   -.0482
   -.0108    .5907   2.9931  12.9799  37.0242  67.6430  82.2555  67.6438
  37.0251  12.9804   2.9932    .5908   -.0108   -.0482    .0723    .0818
    .0723   -.0482   -.0108    .5907   2.9930  12.9797  37.0238  67.6426
  82.2555
  67.6434  37.0247  12.9802   2.9931    .5907   -.0108   -.0482    .0723
    .0818    .0723   -.0482   -.0108    .5907   2.9931  12.9799  37.0243
  67.6430  82.2555  67.6437  37.0251  12.9804   2.9932    .5908   -.0108
   -.0482    .0723    .0818    .0723   -.0482   -.0108    .5907   2.9930
  12.9797  37.0238  67.6426  82.2555  67.6441  37.0247  12.9802   2.9931
    .5907   -.0108   -.0482    .0723    .0818    .0723   -.0482   -.0108
    .5907   2.9931  12.9799  37.0243  67.6430  82.2555  67.6437  37.0251
  12.9804   2.9932    .5908   -.0108   -.0482    .0723    .0818    .0723
   -.0482   -.0108    .5907   2.9930  12.9797  37.0238  67.6426  82.2555
  67.6441
  37.0246  12.9801   2.9931    .5907   -.0108   -.0482    .0723    .0818
    .0723   -.0482   -.0108    .5907   2.9931  12.9800  37.0243  67.6430
  82.2555  67.6437  37.0251  12.9804   2.9932    .5908   -.0108   -.0482
    .0723    .0818    .0723   -.0482   -.0108    .5907   2.9930  12.9797
  37.0238  67.6426  82.2555  67.6441  37.0255  12.9801   2.9931    .5907
   -.0108   -.0482    .0723    .0818    .0723   -.0482   -.0108    .5907
   2.9931  12.9800  37.0243  67.6430  82.2555  67.6437  37.0251  12.9804
   2.9932    .5908   -.0108   -.0482    .0723    .0818    .0723   -.0482
   -.0108    .5907   2.9930  12.9797  37.0238  67.6426  82.2555  67.6441
  37.0255
  12.9801   2.9931    .5907   -.0108   -.0482    .0723    .0818    .0723
   -.0482   -.0108    .5907   2.9931  12.9800  37.0243  67.6431  82.2555
  67.6437  37.0250  12.9804   2.9932    .5908   -.0108   -.0482    .0723
    .0818    .0723   -.0482   -.0108    .5907   2.9930  12.9797  37.0239
  67.6427  82.2555  67.6441  37.0255  12.9806   2.9931    .5907   -.0108
   -.0482    .0723    .0818    .0723   -.0482   -.0108    .5907   2.9931
  12.9800  37.0243  67.6431  82.2555  67.6437  37.0250  12.9804   2.9932
    .5908   -.0108   -.0482    .0723    .0818    .0723   -.0482   -.0108
    .5907   2.9930  12.9797  37.0239  67.6427  82.2555  67.6441  37.0255
  12.9806
   2.9931    .5907   -.0108   -.0482    .0723    .0818    .0723   -.0482
   -.0108    .5907   2.9931  12.9800  37.0243  67.6431  82.2555  67.6437
  37.0250  12.9804   2.9932    .5908   -.0108   -.0482    .0723    .0818
    .0723   -.0482   -.0108    .5907   2.9930  12.9797  37.0239  67.6427
  82.2555  67.6441  37.0255  12.9806   2.9932    .5907   -.0108   -.0482
    .0723    .0818    .0723   -.0482   -.0108    .5907   2.9931  12.9800
  37.0243  67.6431  82.2555  67.6437  37.0250  12.9804   2.9932    .5908
   -.0108   -.0482    .0723    .0818    .0723   -.0482   -.0108    .5907
   2.9930  12.9797  37.0239  67.6427  82.2555  67.6441  37.0255  12.9806
   2.9932
    .5907   -.0108   -.0482    .0723    .0818    .0723   -.0482   -.0108
    .5907   2.9931  12.9800  37.0244  67.6431  82.2555  67.6437  37.0250
  12.9803   2.9932    .5908   -.0108   -.0482    .0723    .0818    .0723
   -.0482   -.0108    .5907   2.9930  12.9798  37.0239  67.6427  82.2555
  67.6440  37.0254  12.9806   2.9932    .5908   -.0108   -.0482    .0723
    .0818    .0723   -.0482   -.0108    .5907   2.9931  12.9800  37.0244
  67.6431  82.2555  67.6437  37.0250  12.9803   2.9932    .5908   -.0108
   -.0482    .0723    .0818    .0723   -.0482   -.0108    .5907   2.9930
  12.9798  37.0239  67.6427  82.2555  67.6440  37.0254  12.9806   2.9932
    .5908
   -.0108   -.0482    .0723    .0818    .0722   -.0482   -.0108    .5907
   2.9931  12.9800  37.0244  67.6431  82.2555  67.6436  37.0250  12.9803
   2.9932    .5908   -.0108   -.0482    .0723    .0818    .0723   -.0482
   -.0108    .5907   2.9930  12.9798  37.0239  67.6427  82.2555  67.6440
  37.0254  12.9806   2.9932    .5908   -.0108   -.0482    .0723    .0818
    .0722   -.0482   -.0108    .5907   2.9931  12.9800  37.0244  67.6431
  82.2555  67.6436  37.0250  12.9803   2.9932    .5908   -.0108   -.0482
    .0723    .0818    .0723   -.0482   -.0108    .5907   2.9930  12.9798
  37.0239  67.6427  82.2555  67.6440  37.0254  12.9806   2.9932    .5908
   -.0108
   -.0482    .0723    .0818    .0723   -.0482   -.0108    .5907   2.9931
  12.9800  37.0244  67.6431  82.2555  67.6436  37.0249  12.9803   2.9932
    .5908   -.0108   -.0482    .0722    .0818    .0723   -.0482   -.0108
    .5907   2.9930  12.9798  37.0240  67.6428  82.2555  67.6440  37.0254
  12.9806   2.9932    .5908   -.0108   -.0482    .0723    .0818    .0723
   -.0482   -.0108    .5907   2.9931  12.9800  37.0244  67.6431  82.2555
  67.6436  37.0249  12.9803   2.9932    .5908   -.0108   -.0482    .0722
    .0818    .0723   -.0482   -.0108    .5907   2.9930  12.9798  37.0240
  67.6428  82.2555  67.6440  37.0254  12.9806   2.9932    .5908   -.0108
   -.0482
    .0722    .0818    .0723   -.0482   -.0108    .5907   2.9931  12.9800
  37.0244  67.6432  82.2555  67.6436  37.0249  12.9803   2.9932    .5908
   -.0108   -.0482    .0722    .0818    .0723   -.0482   -.0108    .5907
   2.9930  12.9798  37.0240  67.6428  82.2555  67.6440  37.0254  12.9805
   2.9932    .5908   -.0108   -.0482    .0723    .0818    .0723   -.0482
   -.0108    .5907   2.9931  12.9800  37.0244  67.6432  82.2555  67.6436
  37.0249  12.9803   2.9932    .5908   -.0108   -.0482    .0722    .0818
    .0723   -.0482   -.0108    .5907   2.9930  12.9798  37.0240  67.6428
  82.2555  67.6440  37.0254  12.9805   2.9932    .5908   -.0108   -.0482
    .0723
    .0818    .0723   -.0482   -.0108    .5907   2.9931  12.9801  37.0245
  67.6432  82.2554  67.6436  37.0249  12.9803   2.9932    .5908   -.0108
   -.0482    .0723    .0818    .0723   -.0482   -.0108    .5907   2.9930
  12.9798  37.0240  67.6428  82.2554  67.6440  37.0253  12.9805   2.9932
    .5908   -.0108   -.0482    .0723    .0818    .0723   -.0482   -.0108
    .5907   2.9931  12.9801  37.0245  67.6432  82.2554  67.6436  37.0249
  12.9803   2.9932    .5908   -.0108   -.0482    .0723    .0818    .0723
   -.0482   -.0108    .5907   2.9930  12.9798  37.0240  67.6428  82.2554
  67.6440  37.0253  12.9805   2.9932    .5908   -.0108   -.0482    .0723
    .0818
    .0119    .0401   -.0321   -.0187    .5005   2.4608  10.5017  30.1619
  55.4898  67.6434  55.4901  30.1623  10.5019   2.4609    .5005   -.0187
   -.0321    .0401    .0119    .0401   -.0321   -.0187    .5005   2.4608
  10.5015  30.1615  55.4895  67.6434  55.4904  30.1626  10.5021   2.4610
    .5005   -.0187   -.0321    .0401    .0119    .0401   -.0321   -.0187
    .5005   2.4608  10.5017  30.1619  55.4898  67.6434  55.4901  30.1623
  10.5019   2.4609    .5005   -.0187   -.0321    .0401    .0119    .0401
   -.0321   -.0187    .5005   2.4608  10.5015  30.1615  55.4895  67.6434
  55.4904  30.1626  10.5021   2.4610    .5005   -.0187   -.0321    .0401
    .0119
    .0413   -.0305   -.0174    .5012   2.4612  10.5020  30.1621  55.4899
  67.6434  55.4901  30.1622  10.5017   2.4607    .5000   -.0198   -.0336
    .0390    .0119    .0413   -.0305   -.0174    .5012   2.4611  10.5018
  30.1618  55.4896  67.6434  55.4904  30.1625  10.5019   2.4607    .5000
   -.0198   -.0336    .0390    .0119    .0413   -.0305   -.0174    .5012
   2.4612  10.5020  30.1621  55.4899  67.6434  55.4901  30.1622  10.5017
   2.4607    .5000   -.0198   -.0336    .0390    .0119    .0413   -.0305
   -.0174    .5012   2.4611  10.5018  30.1618  55.4896  67.6434  55.4904
  30.1625  10.5019   2.4607    .5000   -.0198   -.0336    .0390    .0119
    .0413
   -.0289   -.0160    .5020   2.4616  10.5023  30.1625  55.4902  67.6436
  55.4902  30.1622  10.5017   2.4606    .4997   -.0205   -.0346    .0382
    .0119    .0423   -.0289   -.0160    .5020   2.4615  10.5021  30.1621
  55.4899  67.6436  55.4905  30.1626  10.5019   2.4606    .4997   -.0205
   -.0346    .0382    .0119    .0423   -.0289   -.0160    .5020   2.4616
  10.5023  30.1625  55.4902  67.6436  55.4902  30.1622  10.5017   2.4606
    .4997   -.0205   -.0346    .0382    .0119    .0423   -.0289   -.0160
    .5020   2.4615  10.5021  30.1621  55.4899  67.6436  55.4905  30.1626
  10.5019   2.4606    .4997   -.0205   -.0346    .0382    .0119    .0423
   -.0289
   -.0147    .5028   2.4621  10.5027  30.1629  55.4905  67.6438  55.4904
  30.1624  10.5019   2.4607    .4997   -.0207   -.0352    .0376    .0119
    .0432   -.0274   -.0147    .5028   2.4620  10.5025  30.1626  55.4902
  67.6438  55.4907  30.1628  10.5020   2.4607    .4997   -.0207   -.0352
    .0376    .0119    .0432   -.0274   -.0147    .5028   2.4621  10.5027
  30.1629  55.4905  67.6438  55.4904  30.1624  10.5019   2.4607    .4997
   -.0207   -.0352    .0376    .0119    .0432   -.0274   -.0147    .5028
   2.4620  10.5025  30.1626  55.4902  67.6438  55.4907  30.1628  10.5020
   2.4607    .4997   -.0207   -.0352    .0376    .0119    .0432   -.0274
   -.0147
    .5035   2.4625  10.5031  30.1634  55.4909  67.6442  55.4907  30.1627
  10.5021   2.4609    .5000   -.0205   -.0352    .0374    .0119    .0438
   -.0264   -.0136    .5035   2.4624  10.5029  30.1630  55.4906  67.6442
  55.4911  30.1631  10.5023   2.4609    .5000   -.0205   -.0352    .0374
    .0119    .0438   -.0264   -.0136    .5035   2.4625  10.5031  30.1634
  55.4909  67.6442  55.4907  30.1627  10.5021   2.4609    .5000   -.0205
   -.0352    .0374    .0119    .0438   -.0264   -.0136    .5035   2.4624
  10.5029  30.1630  55.4906  67.6442  55.4911  30.1631  10.5023   2.4609
    .5000   -.0205   -.0352    .0374    .0119    .0438   -.0264   -.0136
    .5035
   2.4628  10.5035  30.1638  55.4913  67.6445  55.4911  30.1631  10.5024
   2.4612    .5005   -.0198   -.0346    .0376    .0119    .0440   -.0258
   -.0129    .5041   2.4628  10.5033  30.1634  55.4910  67.6445  55.4914
  30.1635  10.5026   2.4613    .5005   -.0198   -.0346    .0376    .0119
    .0440   -.0258   -.0129    .5040   2.4627  10.5035  30.1638  55.4913
  67.6445  55.4911  30.1631  10.5024   2.4612    .5005   -.0198   -.0346
    .0376    .0119    .0440   -.0258   -.0129    .5041   2.4628  10.5033
  30.1634  55.4910  67.6445  55.4914  30.1635  10.5026   2.4613    .5005
   -.0198   -.0346    .0376    .0119    .0440   -.0258   -.0129    .5040
   2.4627
  10.5037  30.1641  55.4917  67.6448  55.4915  30.1635  10.5028   2.4616
    .5012   -.0187   -.0336    .0382    .0119    .0438   -.0258   -.0127
    .5043   2.4630  10.5035  30.1638  55.4914  67.6448  55.4918  30.1639
  10.5030   2.4617    .5012   -.0187   -.0336    .0382    .0119    .0438
   -.0258   -.0127    .5043   2.4629  10.5033  30.1641  55.4917  67.6448
  55.4915  30.1635  10.5028   2.4616    .5012   -.0187   -.0336    .0382
    .0119    .0438   -.0258   -.0127    .5043   2.4630  10.5035  30.1638
  55.4914  67.6448  55.4918  30.1639  10.5030   2.4617    .5012   -.0187
   -.0336    .0382    .0119    .0438   -.0258   -.0127    .5043   2.4629
  10.5033
  30.1644  55.4920  67.6451  55.4918  30.1639  10.5032   2.4621    .5020
   -.0174   -.0321    .0390    .0119    .0432   -.0264   -.0129    .5043
   2.4631  10.5037  30.1640  55.4916  67.6451  55.4921  30.1643  10.5034
   2.4621    .5021   -.0174   -.0321    .0390    .0119    .0432   -.0264
   -.0129    .5043   2.4630  10.5035  30.1637  55.4920  67.6451  55.4918
  30.1639  10.5032   2.4621    .5020   -.0174   -.0321    .0390    .0119
    .0432   -.0264   -.0129    .5043   2.4631  10.5037  30.1640  55.4916
  67.6451  55.4921  30.1643  10.5034   2.4621    .5021   -.0174   -.0321
    .0390    .0119    .0432   -.0264   -.0129    .5043   2.4630  10.5035
  30.1637
  55.4921  67.6452  55.4920  30.1642  10.5035   2.4625    .5028   -.0160
   -.0305    .0401    .0119    .0423   -.0274   -.0136    .5041   2.4630
  10.5037  30.1641  55.4918  67.6452  55.4923  30.1646  10.5037   2.4625
    .5029   -.0160   -.0305    .0401    .0119    .0423   -.0274   -.0136
    .5040   2.4629  10.5035  30.1637  55.4915  67.6452  55.4920  30.1642
  10.5035   2.4625    .5028   -.0160   -.0305    .0401    .0119    .0423
   -.0274   -.0136    .5041   2.4630  10.5037  30.1641  55.4918  67.6452
  55.4923  30.1646  10.5037   2.4625    .5029   -.0160   -.0305    .0401
    .0119    .0423   -.0274   -.0136    .5040   2.4629  10.5035  30.1637
  55.4915
  67.6453  55.4921  30.1644  10.5037   2.4628    .5036   -.0147   -.0289
    .0413    .0119    .0413   -.0289   -.0147    .5035   2.4628  10.5036
  30.1641  55.4918  67.6453  55.4924  30.1648  10.5039   2.4629    .5036
   -.0147   -.0289    .0413    .0119    .0413   -.0289   -.0147    .5035
   2.4627  10.5034  30.1637  55.4915  67.6453  55.4921  30.1644  10.5037
   2.4628    .5036   -.0147   -.0289    .0413    .0119    .0413   -.0289
   -.0147    .5035   2.4628  10.5036  30.1641  55.4918  67.6453  55.4924
  30.1648  10.5039   2.4629    .5036   -.0147   -.0289    .0413    .0119
    .0413   -.0289   -.0147    .5035   2.4627  10.5034  30.1637  55.4915
  67.6453
  55.4921  30.1645  10.5039   2.4630    .5041   -.0136   -.0274    .0423
    .0119    .0401   -.0305   -.0160    .5028   2.4624  10.5033  30.1639
  55.4917  67.6452  55.4924  30.1648  10.5041   2.4631    .5041   -.0136
   -.0274    .0423    .0119    .0401   -.0305   -.0160    .5028   2.4624
  10.5031  30.1635  55.4914  67.6452  55.4927  30.1645  10.5039   2.4630
    .5041   -.0136   -.0274    .0423    .0119    .0401   -.0305   -.0160
    .5028   2.4624  10.5033  30.1639  55.4917  67.6452  55.4924  30.1648
  10.5041   2.4631    .5041   -.0136   -.0274    .0423    .0119    .0401
   -.0305   -.0160    .5028   2.4624  10.5031  30.1635  55.4914  67.6452
  55.4927
  30.1644  10.5039   2.4631    .5043   -.0129   -.0264    .0432    .0119
    .0390   -.0321   -.0174    .5020   2.4620  10.5030  30.1636  55.4915
  67.6451  55.4923  30.1647  10.5041   2.4632    .5044   -.0129   -.0264
    .0432    .0119    .0390   -.0321   -.0174    .5020   2.4620  10.5028
  30.1632  55.4911  67.6451  55.4926  30.1651  10.5039   2.4631    .5043
   -.0129   -.0264    .0432    .0119    .0390   -.0321   -.0174    .5020
   2.4620  10.5030  30.1636  55.4915  67.6451  55.4923  30.1647  10.5041
   2.4632    .5044   -.0129   -.0264    .0432    .0119    .0390   -.0321
   -.0174    .5020   2.4620  10.5028  30.1632  55.4911  67.6451  55.4926
  30.1651
  10.5037   2.4630    .5044   -.0127   -.0258    .0438    .0119    .0382
   -.0336   -.0187    .5012   2.4616  10.5026  30.1632  55.4911  67.6448
  55.4920  30.1645  10.5039   2.4631    .5044   -.0127   -.0258    .0438
    .0119    .0382   -.0336   -.0187    .5012   2.4615  10.5024  30.1628
  55.4908  67.6448  55.4923  30.1649  10.5041   2.4630    .5044   -.0127
   -.0258    .0438    .0119    .0382   -.0336   -.0187    .5012   2.4616
  10.5026  30.1632  55.4911  67.6448  55.4920  30.1645  10.5039   2.4631
    .5044   -.0127   -.0258    .0438    .0119    .0382   -.0336   -.0187
    .5012   2.4615  10.5024  30.1628  55.4908  67.6448  55.4923  30.1649
  10.5041
   2.4628    .5041   -.0129   -.0258    .0440    .0119    .0376   -.0346
   -.0198    .5005   2.4612  10.5022  30.1628  55.4908  67.6445  55.4917
  30.1642  10.5036   2.4629    .5041   -.0129   -.0258    .0440    .0119
    .0376   -.0346   -.0198    .5005   2.4611  10.5020  30.1624  55.4905
  67.6445  55.4920  30.1645  10.5038   2.4629    .5041   -.0129   -.0258
    .0440    .0119    .0376   -.0346   -.0198    .5005   2.4612  10.5022
  30.1628  55.4908  67.6445  55.4917  30.1642  10.5036   2.4629    .5041
   -.0129   -.0258    .0440    .0119    .0376   -.0346   -.0198    .5005
   2.4611  10.5020  30.1624  55.4905  67.6445  55.4920  30.1645  10.5038
   2.4629
    .5035   -.0136   -.0264    .0438    .0119    .0374   -.0352   -.0205
    .5000   2.4608  10.5019  30.1624  55.4904  67.6442  55.4913  30.1637
  10.5033   2.4625    .5036   -.0136   -.0264    .0438    .0119    .0374
   -.0352   -.0205    .5000   2.4608  10.5017  30.1620  55.4901  67.6442
  55.4916  30.1641  10.5035   2.4626    .5036   -.0136   -.0264    .0438
    .0119    .0374   -.0352   -.0205    .5000   2.4608  10.5019  30.1624
  55.4904  67.6442  55.4913  30.1637  10.5033   2.4625    .5036   -.0136
   -.0264    .0438    .0119    .0374   -.0352   -.0205    .5000   2.4608
  10.5017  30.1620  55.4901  67.6442  55.4916  30.1641  10.5035   2.4626
    .5036
   -.0147   -.0274    .0432    .0119    .0376   -.0352   -.0207    .4997
   2.4606  10.5017  30.1621  55.4901  67.6438  55.4909  30.1633  10.5029
   2.4621    .5029   -.0147   -.0274    .0432    .0119    .0376   -.0352
   -.0207    .4997   2.4606  10.5015  30.1617  55.4898  67.6438  55.4912
  30.1636  10.5031   2.4622    .5029   -.0147   -.0274    .0432    .0119
    .0376   -.0352   -.0207    .4997   2.4606  10.5017  30.1621  55.4901
  67.6438  55.4909  30.1633  10.5029   2.4621    .5029   -.0147   -.0274
    .0432    .0119    .0376   -.0352   -.0207    .4997   2.4606  10.5015
  30.1617  55.4898  67.6438  55.4912  30.1636  10.5031   2.4622    .5029
   -.0147
   -.0289    .0423    .0119    .0382   -.0346   -.0205    .4997   2.4605
  10.5015  30.1619  55.4899  67.6436  55.4905  30.1628  10.5025   2.4617
    .5020   -.0160   -.0289    .0423    .0119    .0382   -.0346   -.0205
    .4997   2.4605  10.5013  30.1615  55.4896  67.6436  55.4908  30.1632
  10.5027   2.4617    .5021   -.0160   -.0289    .0423    .0119    .0382
   -.0346   -.0205    .4997   2.4605  10.5015  30.1619  55.4899  67.6436
  55.4905  30.1628  10.5025   2.4617    .5020   -.0160   -.0289    .0423
    .0119    .0382   -.0346   -.0205    .4997   2.4605  10.5013  30.1615
  55.4896  67.6436  55.4908  30.1632  10.5027   2.4617    .5021   -.0160
   -.0289
    .0413    .0119    .0390   -.0336   -.0198    .5000   2.4606  10.5015
  30.1618  55.4898  67.6434  55.4903  30.1625  10.5021   2.4612    .5012
   -.0174   -.0305    .0413    .0119    .0390   -.0336   -.0198    .5000
   2.4606  10.5013  30.1614  55.4894  67.6434  55.4906  30.1629  10.5023
   2.4613    .5013   -.0174   -.0305    .0413    .0119    .0390   -.0336
   -.0198    .5000   2.4606  10.5015  30.1618  55.4898  67.6434  55.4903
  30.1625  10.5021   2.4612    .5012   -.0174   -.0305    .0413    .0119
    .0390   -.0336   -.0198    .5000   2.4606  10.5013  30.1614  55.4894
  67.6434  55.4906  30.1629  10.5023   2.4613    .5013   -.0174   -.0305
    .0413
    .0119    .0401   -.0321   -.0187    .5005   2.4608  10.5017  30.1619
  55.4898  67.6434  55.4901  30.1623  10.5019   2.4609    .5005   -.0187
   -.0321    .0401    .0119    .0401   -.0321   -.0187    .5005   2.4608
  10.5015  30.1615  55.4895  67.6434  55.4904  30.1626  10.5021   2.4610
    .5005   -.0187   -.0321    .0401    .0119    .0401   -.0321   -.0187
    .5005   2.4608  10.5017  30.1619  55.4898  67.6434  55.4901  30.1623
  10.5019   2.4609    .5005   -.0187   -.0321    .0401    .0119    .0401
   -.0321   -.0187    .5005   2.4608  10.5015  30.1615  55.4895  67.6434
  55.4904  30.1626  10.5021   2.4610    .5005   -.0187   -.0321    .0401
    .0119
   -.0809    .0085    .0074   -.0593    .2718   1.4002   5.5638  16.1028
  30.1620  37.0246  30.1621  16.1030   5.5639   1.4002    .2718   -.0593
    .0074    .0085   -.0809    .0085    .0074   -.0593    .2718   1.4001
   5.5637  16.1026  30.1618  37.0246  30.1623  16.1031   5.5640   1.4002
    .2718   -.0593    .0074    .0085   -.0809    .0085    .0074   -.0593
    .2718   1.4002   5.5638  16.1028  30.1620  37.0246  30.1621  16.1030
   5.5639   1.4002    .2718   -.0593    .0074    .0085   -.0809    .0085
    .0074   -.0593    .2718   1.4001   5.5637  16.1026  30.1618  37.0246
  30.1623  16.1031   5.5640   1.4002    .2718   -.0593    .0074    .0085
   -.0809
    .0192    .0221   -.0478    .2774   1.4025   5.5656  16.1045  30.1630
  37.0251  30.1621  16.1023   5.5629   1.3987    .2676   -.0687   -.0056
   -.0012   -.0807    .0192    .0221   -.0478    .2774   1.4025   5.5655
  16.1043  30.1628  37.0251  30.1623  16.1025   5.5630   1.3987    .2676
   -.0687   -.0056   -.0012   -.0807    .0192    .0221   -.0478    .2774
   1.4025   5.5656  16.1045  30.1630  37.0251  30.1621  16.1023   5.5629
   1.3987    .2676   -.0687   -.0056   -.0012   -.0807    .0192    .0221
   -.0478    .2774   1.4025   5.5655  16.1043  30.1628  37.0251  30.1623
  16.1025   5.5630   1.3987    .2676   -.0687   -.0056   -.0012   -.0807
    .0192
    .0370   -.0357    .2837   1.4052   5.5680  16.1071  30.1649  37.0263
  30.1631  16.1029   5.5629   1.3981    .2653   -.0749   -.0151   -.0090
   -.0803    .0294    .0370   -.0357    .2837   1.4052   5.5679  16.1069
  30.1647  37.0263  30.1633  16.1031   5.5630   1.3982    .2653   -.0749
   -.0151   -.0090   -.0803    .0294    .0370   -.0357    .2837   1.4052
   5.5680  16.1071  30.1649  37.0263  30.1631  16.1029   5.5629   1.3981
    .2653   -.0749   -.0151   -.0090   -.0803    .0294    .0370   -.0357
    .2837   1.4052   5.5679  16.1069  30.1647  37.0263  30.1633  16.1031
   5.5630   1.3982    .2653   -.0749   -.0151   -.0090   -.0803    .0294
    .0370
   -.0243    .2899   1.4080   5.5707  16.1102  30.1674  37.0281  30.1650
  16.1046   5.5639   1.3987    .2653   -.0770   -.0202   -.0140   -.0798
    .0379    .0502   -.0243    .2899   1.4080   5.5706  16.1100  30.1672
  37.0281  30.1652  16.1048   5.5640   1.3987    .2653   -.0770   -.0202
   -.0140   -.0798    .0379    .0502   -.0243    .2899   1.4080   5.5707
  16.1102  30.1674  37.0281  30.1650  16.1046   5.5639   1.3987    .2653
   -.0770   -.0202   -.0140   -.0798    .0379    .0502   -.0243    .2899
   1.4080   5.5706  16.1100  30.1672  37.0281  30.1652  16.1048   5.5640
   1.3987    .2653   -.0770   -.0202   -.0140   -.0798    .0379    .0502
   -.0243
    .2952   1.4105   5.5732  16.1135  30.1702  37.0303  30.1675  16.1072
   5.5657   1.4002    .2676   -.0749   -.0202   -.0157   -.0795    .0436
    .0600   -.0151    .2952   1.4105   5.5731  16.1133  30.1700  37.0303
  30.1677  16.1074   5.5658   1.4002    .2676   -.0749   -.0202   -.0157
   -.0795    .0436    .0600   -.0151    .2952   1.4105   5.5732  16.1135
  30.1702  37.0303  30.1675  16.1072   5.5657   1.4002    .2676   -.0749
   -.0202   -.0157   -.0795    .0436    .0600   -.0151    .2952   1.4105
   5.5731  16.1133  30.1700  37.0303  30.1677  16.1074   5.5658   1.4002
    .2676   -.0749   -.0202   -.0157   -.0795    .0436    .0600   -.0151
    .2952
   1.4125   5.5754  16.1165  30.1730  37.0326  30.1703  16.1103   5.5681
   1.4025    .2718   -.0687   -.0151   -.0140   -.0795    .0456    .0653
   -.0090    .2991   1.4124   5.5753  16.1163  30.1728  37.0326  30.1705
  16.1105   5.5682   1.4025    .2718   -.0687   -.0151   -.0140   -.0795
    .0456    .0653   -.0090    .2991   1.4124   5.5754  16.1165  30.1730
  37.0326  30.1703  16.1103   5.5681   1.4025    .2718   -.0687   -.0151
   -.0140   -.0795    .0456    .0653   -.0090    .2991   1.4124   5.5753
  16.1163  30.1728  37.0326  30.1705  16.1105   5.5682   1.4025    .2718
   -.0687   -.0151   -.0140   -.0795    .0456    .0653   -.0090    .2991
   1.4124
   5.5770  16.1190  30.1754  37.0348  30.1730  16.1136   5.5707   1.4052
    .2774   -.0593   -.0056   -.0090   -.0798    .0436    .0653   -.0070
    .3011   1.4137   5.5769  16.1188  30.1752  37.0348  30.1732  16.1138
   5.5708   1.4052    .2774   -.0593   -.0056   -.0090   -.0798    .0436
    .0653   -.0070    .3011   1.4136   5.5768  16.1190  30.1754  37.0348
  30.1730  16.1136   5.5707   1.4052    .2774   -.0593   -.0056   -.0090
   -.0798    .0436    .0653   -.0070    .3011   1.4137   5.5769  16.1188
  30.1752  37.0348  30.1732  16.1138   5.5708   1.4052    .2774   -.0593
   -.0056   -.0090   -.0798    .0436    .0653   -.0070    .3011   1.4136
   5.5768
  16.1205  30.1772  37.0365  30.1754  16.1166   5.5733   1.4080    .2837
   -.0478    .0074   -.0012   -.0803    .0379    .0600   -.0090    .3011
   1.4141   5.5777  16.1203  30.1770  37.0365  30.1756  16.1168   5.5734
   1.4080    .2837   -.0478    .0074   -.0012   -.0803    .0379    .0600
   -.0090    .3011   1.4141   5.5776  16.1201  30.1772  37.0365  30.1754
  16.1166   5.5733   1.4080    .2837   -.0478    .0074   -.0012   -.0803
    .0379    .0600   -.0090    .3011   1.4141   5.5777  16.1203  30.1770
  37.0365  30.1756  16.1168   5.5734   1.4080    .2837   -.0478    .0074
   -.0012   -.0803    .0379    .0600   -.0090    .3011   1.4141   5.5776
  16.1201
  30.1781  37.0376  30.1772  16.1190   5.5754   1.4105    .2899   -.0357
    .0221    .0085   -.0807    .0294    .0502   -.0151    .2991   1.4137
   5.5777  16.1209  30.1779  37.0376  30.1774  16.1192   5.5755   1.4105
    .2899   -.0357    .0221    .0085   -.0807    .0294    .0502   -.0151
    .2991   1.4136   5.5776  16.1207  30.1777  37.0376  30.1772  16.1190
   5.5754   1.4105    .2899   -.0357    .0221    .0085   -.0807    .0294
    .0502   -.0151    .2991   1.4137   5.5777  16.1209  30.1779  37.0376
  30.1774  16.1192   5.5755   1.4105    .2899   -.0357    .0221    .0085
   -.0807    .0294    .0502   -.0151    .2991   1.4136   5.5776  16.1207
  30.1777
  37.0380  30.1781  16.1206   5.5770   1.4125    .2952   -.0243    .0370
    .0192   -.0809    .0192    .0370   -.0243    .2952   1.4124   5.5769
  16.1204  30.1779  37.0380  30.1783  16.1208   5.5771   1.4125    .2952
   -.0243    .0370    .0192   -.0809    .0192    .0370   -.0243    .2952
   1.4124   5.5768  16.1202  30.1778  37.0380  30.1781  16.1206   5.5770
   1.4125    .2952   -.0243    .0370    .0192   -.0809    .0192    .0370
   -.0243    .2952   1.4124   5.5769  16.1204  30.1779  37.0380  30.1783
  16.1208   5.5771   1.4125    .2952   -.0243    .0370    .0192   -.0809
    .0192    .0370   -.0243    .2952   1.4124   5.5768  16.1202  30.1778
  37.0380
  30.1781  16.1211   5.5778   1.4137    .2991   -.0151    .0502    .0294
   -.0807    .0085    .0222   -.0357    .2899   1.4105   5.5753  16.1188
  30.1770  37.0376  30.1783  16.1213   5.5779   1.4137    .2991   -.0151
    .0502    .0294   -.0807    .0085    .0222   -.0357    .2898   1.4104
   5.5752  16.1186  30.1768  37.0376  30.1785  16.1211   5.5778   1.4137
    .2991   -.0151    .0502    .0294   -.0807    .0085    .0222   -.0357
    .2899   1.4105   5.5753  16.1188  30.1770  37.0376  30.1783  16.1213
   5.5779   1.4137    .2991   -.0151    .0502    .0294   -.0807    .0085
    .0222   -.0357    .2898   1.4104   5.5752  16.1186  30.1768  37.0376
  30.1785
  16.1205   5.5778   1.4141    .3011   -.0090    .0600    .0379   -.0803
   -.0012    .0074   -.0478    .2837   1.4080   5.5732  16.1164  30.1753
  37.0365  30.1773  16.1207   5.5779   1.4142    .3011   -.0090    .0600
    .0379   -.0803   -.0012    .0074   -.0478    .2837   1.4079   5.5731
  16.1162  30.1751  37.0365  30.1775  16.1209   5.5778   1.4141    .3011
   -.0090    .0600    .0379   -.0803   -.0012    .0074   -.0478    .2837
   1.4080   5.5732  16.1164  30.1753  37.0365  30.1773  16.1207   5.5779
   1.4142    .3011   -.0090    .0600    .0379   -.0803   -.0012    .0074
   -.0478    .2837   1.4079   5.5731  16.1162  30.1751  37.0365  30.1775
  16.1209
   5.5770   1.4137    .3011   -.0070    .0653    .0436   -.0798   -.0090
   -.0056   -.0593    .2774   1.4052   5.5706  16.1134  30.1729  37.0348
  30.1756  16.1192   5.5771   1.4137    .3011   -.0070    .0653    .0436
   -.0798   -.0090   -.0056   -.0593    .2774   1.4052   5.5705  16.1132
  30.1727  37.0348  30.1758  16.1194   5.5772   1.4137    .3011   -.0070
    .0653    .0436   -.0798   -.0090   -.0056   -.0593    .2774   1.4052
   5.5706  16.1134  30.1729  37.0348  30.1756  16.1192   5.5771   1.4137
    .3011   -.0070    .0653    .0436   -.0798   -.0090   -.0056   -.0593
    .2774   1.4052   5.5705  16.1132  30.1727  37.0348  30.1758  16.1194
   5.5772
   1.4125    .2991   -.0090    .0653    .0456   -.0795   -.0140   -.0151
   -.0687    .2718   1.4025   5.5680  16.1101  30.1701  37.0326  30.1732
  16.1167   5.5755   1.4125    .2991   -.0090    .0653    .0456   -.0795
   -.0140   -.0151   -.0687    .2718   1.4024   5.5679  16.1099  30.1699
  37.0326  30.1733  16.1169   5.5756   1.4125    .2991   -.0090    .0653
    .0456   -.0795   -.0140   -.0151   -.0687    .2718   1.4025   5.5680
  16.1101  30.1701  37.0326  30.1732  16.1167   5.5755   1.4125    .2991
   -.0090    .0653    .0456   -.0795   -.0140   -.0151   -.0687    .2718
   1.4024   5.5679  16.1099  30.1699  37.0326  30.1733  16.1169   5.5756
   1.4125
    .2952   -.0151    .0600    .0436   -.0795   -.0157   -.0202   -.0749
    .2675   1.4002   5.5656  16.1070  30.1673  37.0303  30.1704  16.1137
   5.5733   1.4105    .2952   -.0151    .0600    .0436   -.0795   -.0157
   -.0202   -.0749    .2675   1.4001   5.5655  16.1068  30.1671  37.0303
  30.1706  16.1139   5.5734   1.4106    .2952   -.0151    .0600    .0436
   -.0795   -.0157   -.0202   -.0749    .2675   1.4002   5.5656  16.1070
  30.1673  37.0303  30.1704  16.1137   5.5733   1.4105    .2952   -.0151
    .0600    .0436   -.0795   -.0157   -.0202   -.0749    .2675   1.4001
   5.5655  16.1068  30.1671  37.0303  30.1706  16.1139   5.5734   1.4106
    .2952
   -.0243    .0502    .0379   -.0798   -.0140   -.0202   -.0770    .2653
   1.3986   5.5638  16.1044  30.1648  37.0281  30.1676  16.1104   5.5708
   1.4080    .2899   -.0243    .0502    .0379   -.0798   -.0140   -.0202
   -.0770    .2653   1.3986   5.5637  16.1042  30.1646  37.0281  30.1677
  16.1106   5.5709   1.4080    .2899   -.0243    .0502    .0379   -.0798
   -.0140   -.0202   -.0770    .2653   1.3986   5.5638  16.1044  30.1648
  37.0281  30.1676  16.1104   5.5708   1.4080    .2899   -.0243    .0502
    .0379   -.0798   -.0140   -.0202   -.0770    .2653   1.3986   5.5637
  16.1042  30.1646  37.0281  30.1677  16.1106   5.5709   1.4080    .2899
   -.0243
    .0370    .0294   -.0803   -.0090   -.0151   -.0749    .2653   1.3981
   5.5628  16.1027  30.1630  37.0263  30.1651  16.1073   5.5681   1.4052
    .2837   -.0357    .0370    .0294   -.0803   -.0090   -.0151   -.0749
    .2653   1.3981   5.5627  16.1025  30.1628  37.0263  30.1652  16.1075
   5.5682   1.4053    .2837   -.0357    .0370    .0294   -.0803   -.0090
   -.0151   -.0749    .2653   1.3981   5.5628  16.1027  30.1630  37.0263
  30.1651  16.1073   5.5681   1.4052    .2837   -.0357    .0370    .0294
   -.0803   -.0090   -.0151   -.0749    .2653   1.3981   5.5627  16.1025
  30.1628  37.0263  30.1652  16.1075   5.5682   1.4053    .2837   -.0357
    .0370
    .0192   -.0807   -.0012   -.0056   -.0687    .2675   1.3986   5.5628
  16.1021  30.1620  37.0251  30.1632  16.1047   5.5657   1.4025    .2774
   -.0478    .0221    .0192   -.0807   -.0012   -.0056   -.0687    .2675
   1.3986   5.5627  16.1019  30.1618  37.0251  30.1633  16.1049   5.5658
   1.4025    .2774   -.0478    .0221    .0192   -.0807   -.0012   -.0056
   -.0687    .2675   1.3986   5.5628  16.1021  30.1620  37.0251  30.1632
  16.1047   5.5657   1.4025    .2774   -.0478    .0221    .0192   -.0807
   -.0012   -.0056   -.0687    .2675   1.3986   5.5627  16.1019  30.1618
  37.0251  30.1633  16.1049   5.5658   1.4025    .2774   -.0478    .0221
    .0192
   -.0809    .0085    .0074   -.0593    .2718   1.4002   5.5638  16.1028
  30.1620  37.0246  30.1621  16.1030   5.5639   1.4002    .2718   -.0593
    .0074    .0085   -.0809    .0085    .0074   -.0593    .2718   1.4001
   5.5637  16.1026  30.1618  37.0246  30.1623  16.1031   5.5640   1.4002
    .2718   -.0593    .0074    .0085   -.0809    .0085    .0074   -.0593
    .2718   1.4002   5.5638  16.1028  30.1620  37.0246  30.1621  16.1030
   5.5639   1.4002    .2718   -.0593    .0074    .0085   -.0809    .0085
    .0074   -.0593    .2718   1.4001   5.5637  16.1026  30.1618  37.0246
  30.1623  16.1031   5.5640   1.4002    .2718   -.0593    .0074    .0085
   -.0809
   -.0910    .0160    .0461   -.0923    .0421    .5991   2.0321   5.5638
  10.5017  12.9802  10.5018   5.5639   2.0322    .5991    .0421   -.0923
    .0461    .0160   -.0910    .0160    .0461   -.0923    .0421    .5990
   2.0321   5.5637  10.5017  12.9802  10.5019   5.5639   2.0322    .5991
    .0421   -.0923    .0461    .0160   -.0910    .0160    .0461   -.0923
    .0421    .5991   2.0321   5.5638  10.5017  12.9802  10.5018   5.5639
   2.0322    .5991    .0421   -.0923    .0461    .0160   -.0910    .0160
    .0461   -.0923    .0421    .5990   2.0321   5.5637  10.5017  12.9802
  10.5019   5.5639   2.0322    .5991    .0421   -.0923    .0461    .0160
   -.0910
    .0343    .0702   -.0745    .0495    .6011   2.0345   5.5665  10.5031
  12.9805  10.5018   5.5629   2.0307    .5971    .0357   -.1074    .0261
    .0024   -.0885    .0343    .0702   -.0745    .0495    .6011   2.0345
   5.5664  10.5030  12.9805  10.5019   5.5629   2.0307    .5972    .0357
   -.1074    .0261    .0024   -.0885    .0343    .0702   -.0745    .0495
    .6011   2.0345   5.5665  10.5031  12.9805  10.5018   5.5629   2.0307
    .5971    .0357   -.1074    .0261    .0024   -.0885    .0343    .0702
   -.0745    .0495    .6011   2.0345   5.5664  10.5030  12.9805  10.5019
   5.5629   2.0307    .5972    .0357   -.1074    .0261    .0024   -.0885
    .0343
    .0954   -.0565    .0562    .6022   2.0368   5.5702  10.5053  12.9816
  10.5031   5.5639   2.0307    .5964    .0320   -.1176    .0118   -.0061
   -.0823    .0550    .0954   -.0565    .0562    .6022   2.0368   5.5701
  10.5053  12.9816  10.5032   5.5639   2.0307    .5964    .0320   -.1176
    .0118   -.0061   -.0823    .0550    .0954   -.0565    .0562    .6022
   2.0368   5.5702  10.5053  12.9816  10.5031   5.5639   2.0307    .5964
    .0320   -.1176    .0118   -.0061   -.0823    .0550    .0954   -.0565
    .0562    .6022   2.0368   5.5701  10.5053  12.9816  10.5032   5.5639
   2.0307    .5964    .0320   -.1176    .0118   -.0061   -.0823    .0550
    .0954
   -.0406    .0610    .6017   2.0382   5.5740  10.5080  12.9830  10.5054
   5.5665   2.0322    .5971    .0320   -.1211    .0045   -.0105   -.0752
    .0745    .1187   -.0406    .0610    .6017   2.0382   5.5740  10.5080
  12.9830  10.5054   5.5666   2.0322    .5972    .0320   -.1211    .0045
   -.0105   -.0752    .0745    .1187   -.0405    .0610    .6017   2.0382
   5.5740  10.5080  12.9830  10.5054   5.5665   2.0322    .5971    .0320
   -.1211    .0045   -.0105   -.0752    .0745    .1187   -.0406    .0610
    .6017   2.0382   5.5740  10.5080  12.9830  10.5054   5.5666   2.0322
    .5972    .0320   -.1211    .0045   -.0105   -.0752    .0745    .1187
   -.0405
    .0638    .5997   2.0385   5.5773  10.5106  12.9843  10.5081   5.5702
   2.0345    .5991    .0357   -.1176    .0045   -.0117   -.0706    .0884
    .1365   -.0282    .0638    .5997   2.0385   5.5773  10.5106  12.9843
  10.5081   5.5703   2.0345    .5991    .0357   -.1176    .0045   -.0117
   -.0706    .0884    .1366   -.0282    .0637    .5997   2.0385   5.5773
  10.5106  12.9843  10.5081   5.5702   2.0345    .5991    .0357   -.1176
    .0045   -.0117   -.0706    .0884    .1365   -.0282    .0638    .5997
   2.0385   5.5773  10.5106  12.9843  10.5081   5.5703   2.0345    .5991
    .0357   -.1176    .0045   -.0117   -.0706    .0884    .1366   -.0282
    .0637
    .5970   2.0378   5.5798  10.5128  12.9854  10.5107   5.5741   2.0368
    .6011    .0421   -.1074    .0118   -.0105   -.0706    .0934    .1463
   -.0204    .0649    .5969   2.0378   5.5797  10.5127  12.9854  10.5107
   5.5741   2.0368    .6011    .0421   -.1074    .0118   -.0105   -.0706
    .0934    .1463   -.0204    .0649    .5969   2.0378   5.5798  10.5128
  12.9854  10.5107   5.5741   2.0368    .6011    .0421   -.1074    .0118
   -.0105   -.0706    .0934    .1463   -.0204    .0649    .5969   2.0378
   5.5797  10.5127  12.9854  10.5107   5.5741   2.0368    .6011    .0421
   -.1074    .0118   -.0105   -.0706    .0934    .1463   -.0204    .0649
    .5969
   2.0368   5.5813  10.5143  12.9862  10.5128   5.5774   2.0383    .6023
    .0495   -.0923    .0261   -.0061   -.0752    .0884    .1463   -.0178
    .0652    .5946   2.0367   5.5813  10.5143  12.9862  10.5129   5.5774
   2.0383    .6023    .0495   -.0923    .0261   -.0061   -.0752    .0884
    .1463   -.0178    .0651    .5946   2.0367   5.5813  10.5143  12.9862
  10.5128   5.5774   2.0383    .6023    .0495   -.0923    .0261   -.0061
   -.0752    .0884    .1463   -.0178    .0652    .5946   2.0367   5.5813
  10.5143  12.9862  10.5129   5.5774   2.0383    .6023    .0495   -.0923
    .0261   -.0061   -.0752    .0884    .1463   -.0178    .0651    .5946
   2.0367
   5.5821  10.5153  12.9866  10.5144   5.5798   2.0385    .6018    .0562
   -.0745    .0461    .0024   -.0823    .0745    .1365   -.0204    .0652
    .5937   2.0360   5.5821  10.5153  12.9866  10.5144   5.5799   2.0386
    .6018    .0562   -.0745    .0461    .0024   -.0823    .0745    .1366
   -.0204    .0651    .5937   2.0360   5.5820  10.5153  12.9866  10.5144
   5.5798   2.0385    .6018    .0562   -.0745    .0461    .0024   -.0823
    .0745    .1365   -.0204    .0652    .5937   2.0360   5.5821  10.5153
  12.9866  10.5144   5.5799   2.0386    .6018    .0562   -.0745    .0461
    .0024   -.0823    .0745    .1366   -.0204    .0651    .5937   2.0360
   5.5820
  10.5158  12.9869  10.5154   5.5813   2.0378    .5997    .0610   -.0565
    .0702    .0160   -.0885    .0550    .1187   -.0282    .0649    .5946
   2.0360   5.5823  10.5158  12.9869  10.5154   5.5814   2.0379    .5997
    .0610   -.0565    .0702    .0160   -.0885    .0550    .1187   -.0282
    .0649    .5946   2.0360   5.5822  10.5157  12.9869  10.5154   5.5813
   2.0378    .5997    .0610   -.0565    .0702    .0160   -.0885    .0550
    .1187   -.0282    .0649    .5946   2.0360   5.5823  10.5158  12.9869
  10.5154   5.5814   2.0379    .5997    .0610   -.0565    .0702    .0160
   -.0885    .0550    .1187   -.0282    .0649    .5946   2.0360   5.5822
  10.5157
  12.9869  10.5158   5.5821   2.0368    .5970    .0638   -.0406    .0954
    .0343   -.0910    .0343    .0954   -.0406    .0638    .5970   2.0367
   5.5821  10.5158  12.9869  10.5159   5.5822   2.0368    .5970    .0638
   -.0406    .0954    .0343   -.0910    .0343    .0954   -.0405    .0637
    .5969   2.0367   5.5820  10.5157  12.9869  10.5158   5.5821   2.0368
    .5970    .0638   -.0406    .0954    .0343   -.0910    .0343    .0954
   -.0406    .0638    .5970   2.0367   5.5821  10.5158  12.9869  10.5159
   5.5822   2.0368    .5970    .0638   -.0406    .0954    .0343   -.0910
    .0343    .0954   -.0405    .0637    .5969   2.0367   5.5820  10.5157
  12.9869
  10.5158   5.5824   2.0360    .5946    .0649   -.0282    .1187    .0550
   -.0885    .0160    .0702   -.0565    .0610    .5997   2.0378   5.5813
  10.5153  12.9869  10.5159   5.5824   2.0361    .5947    .0649   -.0282
    .1187    .0550   -.0885    .0160    .0702   -.0565    .0610    .5997
   2.0378   5.5812  10.5152  12.9869  10.5160   5.5824   2.0360    .5946
    .0649   -.0282    .1187    .0550   -.0885    .0160    .0702   -.0565
    .0610    .5997   2.0378   5.5813  10.5153  12.9869  10.5159   5.5824
   2.0361    .5947    .0649   -.0282    .1187    .0550   -.0885    .0160
    .0702   -.0565    .0610    .5997   2.0378   5.5812  10.5152  12.9869
  10.5160
   5.5821   2.0360    .5937    .0652   -.0204    .1365    .0745   -.0823
    .0024    .0461   -.0745    .0562    .6017   2.0385   5.5797  10.5143
  12.9866  10.5154   5.5822   2.0361    .5937    .0652   -.0204    .1365
    .0745   -.0823    .0024    .0461   -.0745    .0562    .6017   2.0385
   5.5797  10.5142  12.9866  10.5155   5.5823   2.0360    .5937    .0652
   -.0204    .1365    .0745   -.0823    .0024    .0461   -.0745    .0562
    .6017   2.0385   5.5797  10.5143  12.9866  10.5154   5.5822   2.0361
    .5937    .0652   -.0204    .1365    .0745   -.0823    .0024    .0461
   -.0745    .0562    .6017   2.0385   5.5797  10.5142  12.9866  10.5155
   5.5823
   2.0368    .5946    .0652   -.0178    .1463    .0884   -.0752   -.0061
    .0261   -.0923    .0495    .6022   2.0382   5.5773  10.5127  12.9862
  10.5144   5.5814   2.0368    .5946    .0652   -.0178    .1463    .0884
   -.0752   -.0061    .0261   -.0923    .0495    .6022   2.0382   5.5772
  10.5127  12.9862  10.5145   5.5815   2.0368    .5946    .0652   -.0178
    .1463    .0884   -.0752   -.0061    .0261   -.0923    .0495    .6022
   2.0382   5.5773  10.5127  12.9862  10.5144   5.5814   2.0368    .5946
    .0652   -.0178    .1463    .0884   -.0752   -.0061    .0261   -.0923
    .0495    .6022   2.0382   5.5772  10.5127  12.9862  10.5145   5.5815
   2.0368
    .5970    .0649   -.0204    .1463    .0934   -.0706   -.0105    .0118
   -.1074    .0421    .6011   2.0368   5.5740  10.5106  12.9854  10.5128
   5.5798   2.0379    .5970    .0649   -.0204    .1463    .0934   -.0706
   -.0105    .0118   -.1074    .0421    .6011   2.0367   5.5739  10.5105
  12.9854  10.5129   5.5799   2.0379    .5970    .0649   -.0204    .1463
    .0934   -.0706   -.0105    .0118   -.1074    .0421    .6011   2.0368
   5.5740  10.5106  12.9854  10.5128   5.5798   2.0379    .5970    .0649
   -.0204    .1463    .0934   -.0706   -.0105    .0118   -.1074    .0421
    .6011   2.0367   5.5739  10.5105  12.9854  10.5129   5.5799   2.0379
    .5970
    .0638   -.0282    .1365    .0884   -.0706   -.0117    .0045   -.1176
    .0357    .5991   2.0345   5.5702  10.5080  12.9843  10.5107   5.5774
   2.0386    .5997    .0638   -.0282    .1365    .0884   -.0706   -.0117
    .0045   -.1176    .0357    .5990   2.0344   5.5701  10.5079  12.9843
  10.5108   5.5775   2.0386    .5997    .0638   -.0282    .1365    .0884
   -.0706   -.0117    .0045   -.1176    .0357    .5991   2.0345   5.5702
  10.5080  12.9843  10.5107   5.5774   2.0386    .5997    .0638   -.0282
    .1365    .0884   -.0706   -.0117    .0045   -.1176    .0357    .5990
   2.0344   5.5701  10.5079  12.9843  10.5108   5.5775   2.0386    .5997
    .0638
   -.0406    .1187    .0745   -.0752   -.0105    .0045   -.1211    .0320
    .5971   2.0321   5.5665  10.5053  12.9830  10.5081   5.5741   2.0383
    .6018    .0610   -.0406    .1187    .0745   -.0752   -.0105    .0045
   -.1211    .0320    .5971   2.0321   5.5664  10.5052  12.9830  10.5082
   5.5742   2.0383    .6018    .0610   -.0406    .1187    .0745   -.0752
   -.0105    .0045   -.1211    .0320    .5971   2.0321   5.5665  10.5053
  12.9830  10.5081   5.5741   2.0383    .6018    .0610   -.0406    .1187
    .0745   -.0752   -.0105    .0045   -.1211    .0320    .5971   2.0321
   5.5664  10.5052  12.9830  10.5082   5.5742   2.0383    .6018    .0610
   -.0406
    .0954    .0550   -.0823   -.0061    .0118   -.1176    .0320    .5964
   2.0307   5.5638  10.5030  12.9816  10.5054   5.5703   2.0368    .6023
    .0562   -.0565    .0954    .0550   -.0823   -.0061    .0118   -.1176
    .0320    .5963   2.0306   5.5637  10.5030  12.9816  10.5055   5.5703
   2.0369    .6023    .0562   -.0566    .0954    .0550   -.0823   -.0061
    .0118   -.1176    .0320    .5964   2.0307   5.5638  10.5030  12.9816
  10.5054   5.5703   2.0368    .6023    .0562   -.0565    .0954    .0550
   -.0823   -.0061    .0118   -.1176    .0320    .5963   2.0306   5.5637
  10.5030  12.9816  10.5055   5.5703   2.0369    .6023    .0562   -.0566
    .0954
    .0343   -.0885    .0024    .0261   -.1074    .0357    .5971   2.0307
   5.5628  10.5017  12.9805  10.5031   5.5666   2.0345    .6011    .0495
   -.0745    .0702    .0343   -.0885    .0024    .0261   -.1074    .0357
    .5971   2.0306   5.5627  10.5017  12.9805  10.5032   5.5666   2.0346
    .6012    .0495   -.0745    .0702    .0343   -.0885    .0024    .0261
   -.1074    .0357    .5971   2.0307   5.5628  10.5017  12.9805  10.5031
   5.5666   2.0345    .6011    .0495   -.0745    .0702    .0343   -.0885
    .0024    .0261   -.1074    .0357    .5971   2.0306   5.5627  10.5017
  12.9805  10.5032   5.5666   2.0346    .6012    .0495   -.0745    .0702
    .0343
   -.0910    .0160    .0461   -.0923    .0421    .5991   2.0321   5.5638
  10.5017  12.9802  10.5018   5.5639   2.0322    .5991    .0421   -.0923
    .0461    .0160   -.0910    .0160    .0461   -.0923    .0421    .5990
   2.0321   5.5637  10.5017  12.9802  10.5019   5.5639   2.0322    .5991
    .0421   -.0923    .0461    .0160   -.0910    .0160    .0461   -.0923
    .0421    .5991   2.0321   5.5638  10.5017  12.9802  10.5018   5.5639
   2.0322    .5991    .0421   -.0923    .0461    .0160   -.0910    .0160
    .0461   -.0923    .0421    .5990   2.0321   5.5637  10.5017  12.9802
  10.5019   5.5639   2.0322    .5991    .0421   -.0923    .0461    .0160
   -.0910
   -.0965   -.0137    .0515   -.0311   -.0388    .1724    .5991   1.4002
   2.4609   2.9931   2.4609   1.4002    .5991    .1725   -.0388   -.0311
    .0515   -.0137   -.0965   -.0137    .0515   -.0311   -.0388    .1724
    .5991   1.4002   2.4609   2.9931   2.4609   1.4002    .5991    .1725
   -.0388   -.0311    .0515   -.0137   -.0965   -.0137    .0515   -.0311
   -.0388    .1724    .5991   1.4002   2.4609   2.9931   2.4609   1.4002
    .5991    .1725   -.0388   -.0311    .0515   -.0137   -.0965   -.0137
    .0515   -.0311   -.0388    .1724    .5991   1.4002   2.4609   2.9931
   2.4609   1.4002    .5991    .1725   -.0388   -.0311    .0515   -.0137
   -.0965
   -.0106    .0528   -.0266   -.0337    .1764    .6037   1.4041   2.4621
   2.9932   2.4609   1.3985    .5954    .1672   -.0468   -.0383    .0540
   -.0011   -.0854   -.0106    .0528   -.0266   -.0337    .1764    .6036
   1.4041   2.4620   2.9932   2.4609   1.3985    .5954    .1672   -.0468
   -.0383    .0540   -.0011   -.0854   -.0106    .0528   -.0266   -.0337
    .1764    .6037   1.4041   2.4621   2.9932   2.4609   1.3985    .5954
    .1672   -.0468   -.0383    .0540   -.0011   -.0854   -.0106    .0528
   -.0266   -.0337    .1764    .6036   1.4041   2.4620   2.9932   2.4609
   1.3985    .5954    .1672   -.0468   -.0383    .0540   -.0011   -.0854
   -.0106
    .0584   -.0272   -.0361    .1750    .6057   1.4077   2.4631   2.9928
   2.4621   1.4002    .5954    .1649   -.0526   -.0446    .0584    .0205
   -.0575    .0077    .0584   -.0272   -.0361    .1750    .6056   1.4076
   2.4631   2.9928   2.4621   1.4002    .5954    .1649   -.0526   -.0446
    .0584    .0205   -.0575    .0077    .0584   -.0272   -.0361    .1750
    .6057   1.4077   2.4631   2.9928   2.4621   1.4002    .5954    .1649
   -.0526   -.0446    .0584    .0205   -.0575    .0077    .0584   -.0272
   -.0361    .1750    .6056   1.4076   2.4631   2.9928   2.4621   1.4002
    .5954    .1649   -.0526   -.0446    .0584    .0205   -.0575    .0077
    .0584
   -.0331   -.0470    .1663    .6029   1.4086   2.4627   2.9910   2.4632
   1.4041    .5991    .1672   -.0526   -.0471    .0617    .0401   -.0257
    .0334    .0664   -.0331   -.0470    .1663    .6029   1.4086   2.4627
   2.9910   2.4632   1.4041    .5991    .1672   -.0526   -.0471    .0617
    .0401   -.0257    .0334    .0664   -.0331   -.0470    .1663    .6029
   1.4086   2.4627   2.9910   2.4632   1.4041    .5991    .1672   -.0526
   -.0471    .0617    .0401   -.0257    .0334    .0664   -.0331   -.0470
    .1663    .6029   1.4086   2.4627   2.9910   2.4632   1.4041    .5991
    .1672   -.0526   -.0471    .0617    .0401   -.0257    .0334    .0664
   -.0331
   -.0635    .1519    .5957   1.4066   2.4604   2.9876   2.4627   1.4077
    .6037    .1724   -.0468   -.0446    .0617    .0480   -.0050    .0553
    .0741   -.0420   -.0635    .1519    .5957   1.4066   2.4604   2.9876
   2.4627   1.4077    .6037    .1725   -.0468   -.0446    .0617    .0480
   -.0050    .0553    .0741   -.0420   -.0635    .1519    .5957   1.4066
   2.4604   2.9876   2.4627   1.4077    .6037    .1724   -.0468   -.0446
    .0617    .0480   -.0050    .0553    .0741   -.0420   -.0635    .1519
    .5957   1.4066   2.4604   2.9876   2.4627   1.4077    .6037    .1725
   -.0468   -.0446    .0617    .0480   -.0050    .0553    .0741   -.0420
   -.0635
    .1362    .5866   1.4030   2.4571   2.9831   2.4604   1.4086    .6057
    .1764   -.0388   -.0383    .0584    .0401   -.0050    .0639    .0788
   -.0499   -.0800    .1362    .5865   1.4030   2.4571   2.9831   2.4604
   1.4087    .6057    .1764   -.0388   -.0383    .0584    .0401   -.0050
    .0639    .0788   -.0499   -.0800    .1362    .5866   1.4030   2.4571
   2.9831   2.4604   1.4086    .6057    .1764   -.0388   -.0383    .0584
    .0401   -.0050    .0639    .0788   -.0499   -.0800    .1362    .5865
   1.4030   2.4571   2.9831   2.4604   1.4087    .6057    .1764   -.0388
   -.0383    .0584    .0401   -.0050    .0639    .0788   -.0499   -.0800
    .1362
    .5785   1.3994   2.4543   2.9792   2.4571   1.4066    .6029    .1750
   -.0337   -.0311    .0540    .0205   -.0257    .0553    .0788   -.0530
   -.0902    .1241    .5785   1.3994   2.4543   2.9792   2.4571   1.4067
    .6029    .1750   -.0337   -.0311    .0540    .0205   -.0257    .0553
    .0788   -.0530   -.0902    .1241    .5785   1.3994   2.4543   2.9792
   2.4571   1.4066    .6029    .1750   -.0337   -.0311    .0540    .0205
   -.0257    .0553    .0788   -.0530   -.0902    .1241    .5785   1.3994
   2.4543   2.9792   2.4571   1.4067    .6029    .1750   -.0337   -.0311
    .0540    .0205   -.0257    .0553    .0788   -.0530   -.0902    .1241
    .5785
   1.3971   2.4528   2.9767   2.4544   1.4030    .5957    .1663   -.0361
   -.0266    .0515   -.0011   -.0575    .0334    .0741   -.0499   -.0902
    .1196    .5739   1.3971   2.4528   2.9767   2.4544   1.4030    .5957
    .1663   -.0361   -.0266    .0515   -.0011   -.0575    .0334    .0741
   -.0499   -.0902    .1196    .5739   1.3971   2.4528   2.9767   2.4544
   1.4030    .5957    .1663   -.0361   -.0266    .0515   -.0011   -.0575
    .0334    .0741   -.0499   -.0902    .1196    .5739   1.3971   2.4528
   2.9767   2.4544   1.4030    .5957    .1663   -.0361   -.0266    .0515
   -.0011   -.0575    .0334    .0741   -.0499   -.0902    .1196    .5739
   1.3971
   2.4522   2.9758   2.4528   1.3994    .5866    .1519   -.0470   -.0272
    .0528   -.0137   -.0854    .0077    .0664   -.0420   -.0800    .1241
    .5739   1.3963   2.4522   2.9758   2.4528   1.3994    .5866    .1519
   -.0470   -.0272    .0528   -.0137   -.0854    .0077    .0664   -.0420
   -.0800    .1241    .5739   1.3963   2.4522   2.9758   2.4528   1.3994
    .5866    .1519   -.0470   -.0272    .0528   -.0137   -.0854    .0077
    .0664   -.0420   -.0800    .1241    .5739   1.3963   2.4522   2.9758
   2.4528   1.3994    .5866    .1519   -.0470   -.0272    .0528   -.0137
   -.0854    .0077    .0664   -.0420   -.0800    .1241    .5739   1.3963
   2.4522
   2.9756   2.4522   1.3971    .5785    .1362   -.0635   -.0331    .0584
   -.0106   -.0965   -.0106    .0584   -.0331   -.0635    .1362    .5785
   1.3971   2.4522   2.9756   2.4523   1.3971    .5785    .1362   -.0635
   -.0331    .0584   -.0105   -.0965   -.0106    .0584   -.0331   -.0635
    .1362    .5785   1.3971   2.4522   2.9756   2.4522   1.3971    .5785
    .1362   -.0635   -.0331    .0584   -.0106   -.0965   -.0106    .0584
   -.0331   -.0635    .1362    .5785   1.3971   2.4522   2.9756   2.4523
   1.3971    .5785    .1362   -.0635   -.0331    .0584   -.0105   -.0965
   -.0106    .0584   -.0331   -.0635    .1362    .5785   1.3971   2.4522
   2.9756
   2.4522   1.3963    .5739    .1241   -.0800   -.0420    .0664    .0077
   -.0854   -.0137    .0528   -.0272   -.0470    .1519    .5865   1.3994
   2.4528   2.9758   2.4523   1.3963    .5739    .1241   -.0800   -.0421
    .0664    .0077   -.0854   -.0137    .0528   -.0272   -.0470    .1519
    .5865   1.3994   2.4528   2.9758   2.4523   1.3963    .5739    .1241
   -.0800   -.0420    .0664    .0077   -.0854   -.0137    .0528   -.0272
   -.0470    .1519    .5865   1.3994   2.4528   2.9758   2.4523   1.3963
    .5739    .1241   -.0800   -.0421    .0664    .0077   -.0854   -.0137
    .0528   -.0272   -.0470    .1519    .5865   1.3994   2.4528   2.9758
   2.4523
   1.3971    .5739    .1196   -.0902   -.0499    .0741    .0334   -.0575
   -.0011    .0515   -.0266   -.0361    .1663    .5957   1.4030   2.4543
   2.9767   2.4528   1.3971    .5739    .1196   -.0902   -.0499    .0741
    .0334   -.0575   -.0011    .0515   -.0266   -.0361    .1663    .5957
   1.4029   2.4543   2.9767   2.4528   1.3971    .5739    .1196   -.0902
   -.0499    .0741    .0334   -.0575   -.0011    .0515   -.0266   -.0361
    .1663    .5957   1.4030   2.4543   2.9767   2.4528   1.3971    .5739
    .1196   -.0902   -.0499    .0741    .0334   -.0575   -.0011    .0515
   -.0266   -.0361    .1663    .5957   1.4029   2.4543   2.9767   2.4528
   1.3971
    .5785    .1241   -.0902   -.0530    .0788    .0553   -.0257    .0205
    .0540   -.0311   -.0337    .1750    .6029   1.4066   2.4571   2.9792
   2.4544   1.3994    .5785    .1241   -.0902   -.0530    .0788    .0553
   -.0257    .0205    .0540   -.0311   -.0337    .1750    .6029   1.4066
   2.4571   2.9792   2.4544   1.3994    .5785    .1241   -.0902   -.0530
    .0788    .0553   -.0257    .0205    .0540   -.0311   -.0337    .1750
    .6029   1.4066   2.4571   2.9792   2.4544   1.3994    .5785    .1241
   -.0902   -.0530    .0788    .0553   -.0257    .0205    .0540   -.0311
   -.0337    .1750    .6029   1.4066   2.4571   2.9792   2.4544   1.3994
    .5785
    .1362   -.0800   -.0499    .0788    .0639   -.0050    .0401    .0584
   -.0383   -.0388    .1764    .6057   1.4086   2.4604   2.9831   2.4571
   1.4030    .5866    .1362   -.0800   -.0499    .0788    .0639   -.0050
    .0401    .0584   -.0383   -.0388    .1764    .6056   1.4086   2.4604
   2.9831   2.4572   1.4030    .5866    .1362   -.0800   -.0499    .0788
    .0639   -.0050    .0401    .0584   -.0383   -.0388    .1764    .6057
   1.4086   2.4604   2.9831   2.4571   1.4030    .5866    .1362   -.0800
   -.0499    .0788    .0639   -.0050    .0401    .0584   -.0383   -.0388
    .1764    .6056   1.4086   2.4604   2.9831   2.4572   1.4030    .5866
    .1362
   -.0635   -.0420    .0741    .0553   -.0050    .0480    .0617   -.0446
   -.0468    .1724    .6037   1.4076   2.4627   2.9876   2.4604   1.4067
    .5957    .1519   -.0635   -.0421    .0741    .0553   -.0050    .0480
    .0617   -.0446   -.0468    .1724    .6036   1.4076   2.4627   2.9876
   2.4604   1.4067    .5957    .1519   -.0635   -.0420    .0741    .0553
   -.0050    .0480    .0617   -.0446   -.0468    .1724    .6037   1.4076
   2.4627   2.9876   2.4604   1.4067    .5957    .1519   -.0635   -.0421
    .0741    .0553   -.0050    .0480    .0617   -.0446   -.0468    .1724
    .6036   1.4076   2.4627   2.9876   2.4604   1.4067    .5957    .1519
   -.0635
   -.0331    .0664    .0334   -.0257    .0401    .0617   -.0471   -.0526
    .1672    .5991   1.4041   2.4631   2.9910   2.4627   1.4086    .6029
    .1663   -.0470   -.0331    .0664    .0334   -.0257    .0401    .0617
   -.0471   -.0526    .1672    .5990   1.4041   2.4631   2.9910   2.4627
   1.4087    .6029    .1663   -.0470   -.0331    .0664    .0334   -.0257
    .0401    .0617   -.0471   -.0526    .1672    .5991   1.4041   2.4631
   2.9910   2.4627   1.4086    .6029    .1663   -.0470   -.0331    .0664
    .0334   -.0257    .0401    .0617   -.0471   -.0526    .1672    .5990
   1.4041   2.4631   2.9910   2.4627   1.4087    .6029    .1663   -.0470
   -.0331
    .0584    .0077   -.0575    .0205    .0584   -.0446   -.0526    .1649
    .5954   1.4002   2.4621   2.9928   2.4632   1.4077    .6057    .1750
   -.0361   -.0272    .0584    .0077   -.0575    .0205    .0584   -.0446
   -.0526    .1649    .5954   1.4002   2.4620   2.9928   2.4632   1.4077
    .6057    .1750   -.0361   -.0272    .0584    .0077   -.0575    .0205
    .0584   -.0446   -.0526    .1649    .5954   1.4002   2.4621   2.9928
   2.4632   1.4077    .6057    .1750   -.0361   -.0272    .0584    .0077
   -.0575    .0205    .0584   -.0446   -.0526    .1649    .5954   1.4002
   2.4620   2.9928   2.4632   1.4077    .6057    .1750   -.0361   -.0272
    .0584
   -.0106   -.0854   -.0011    .0540   -.0383   -.0468    .1672    .5954
   1.3985   2.4609   2.9932   2.4621   1.4041    .6037    .1764   -.0337
   -.0266    .0528   -.0105   -.0854   -.0011    .0540   -.0383   -.0468
    .1672    .5954   1.3985   2.4609   2.9932   2.4621   1.4041    .6037
    .1764   -.0337   -.0266    .0528   -.0105   -.0854   -.0011    .0540
   -.0383   -.0468    .1672    .5954   1.3985   2.4609   2.9932   2.4621
   1.4041    .6037    .1764   -.0337   -.0266    .0528   -.0105   -.0854
   -.0011    .0540   -.0383   -.0468    .1672    .5954   1.3985   2.4609
   2.9932   2.4621   1.4041    .6037    .1764   -.0337   -.0266    .0528
   -.0105
   -.0965   -.0137    .0515   -.0311   -.0388    .1724    .5991   1.4002
   2.4609   2.9931   2.4609   1.4002    .5991    .1725   -.0388   -.0311
    .0515   -.0137   -.0965   -.0137    .0515   -.0311   -.0388    .1724
    .5991   1.4002   2.4609   2.9931   2.4609   1.4002    .5991    .1725
   -.0388   -.0311    .0515   -.0137   -.0965   -.0137    .0515   -.0311
   -.0388    .1724    .5991   1.4002   2.4609   2.9931   2.4609   1.4002
    .5991    .1725   -.0388   -.0311    .0515   -.0137   -.0965   -.0137
    .0515   -.0311   -.0388    .1724    .5991   1.4002   2.4609   2.9931
   2.4609   1.4002    .5991    .1725   -.0388   -.0311    .0515   -.0137
   -.0965
   -.0990   -.0678    .0079    .0572    .0168   -.0388    .0421    .2718
    .5005    .5908    .5005    .2718    .0421   -.0388    .0168    .0572
    .0079   -.0678   -.0990   -.0678    .0079    .0572    .0168   -.0388
    .0421    .2718    .5005    .5908    .5005    .2718    .0421   -.0388
    .0168    .0572    .0079   -.0678   -.0990   -.0678    .0079    .0572
    .0168   -.0388    .0421    .2718    .5005    .5908    .5005    .2718
    .0421   -.0388    .0168    .0572    .0079   -.0678   -.0990   -.0678
    .0079    .0572    .0168   -.0388    .0421    .2718    .5005    .5908
    .5005    .2718    .0421   -.0388    .0168    .0572    .0079   -.0678
   -.0990
   -.0798   -.0073    .0624    .0333   -.0233    .0568    .2837    .5055
    .5921    .5005    .2662    .0304   -.0548   -.0035    .0452    .0254
   -.0292   -.0785   -.0798   -.0073    .0624    .0333   -.0233    .0568
    .2837    .5055    .5921    .5005    .2663    .0304   -.0548   -.0035
    .0452    .0254   -.0292   -.0785   -.0798   -.0073    .0624    .0333
   -.0233    .0568    .2837    .5055    .5921    .5005    .2662    .0304
   -.0548   -.0035    .0452    .0254   -.0292   -.0785   -.0798   -.0073
    .0624    .0333   -.0233    .0568    .2837    .5055    .5921    .5005
    .2663    .0304   -.0548   -.0035    .0452    .0254   -.0292   -.0785
   -.0798
   -.0204    .0539    .0369   -.0171    .0643    .2923    .5097    .5936
    .5055    .2718    .0304   -.0616   -.0170    .0344    .0423    .0231
   -.0265   -.0653   -.0204    .0539    .0369   -.0171    .0643    .2923
    .5097    .5936    .5055    .2718    .0304   -.0616   -.0170    .0344
    .0423    .0231   -.0265   -.0653   -.0204    .0539    .0369   -.0171
    .0643    .2923    .5097    .5936    .5055    .2718    .0304   -.0616
   -.0170    .0344    .0423    .0231   -.0265   -.0653   -.0204    .0539
    .0369   -.0171    .0643    .2923    .5097    .5936    .5055    .2718
    .0304   -.0616   -.0170    .0344    .0423    .0231   -.0265   -.0653
   -.0204
    .0307    .0245   -.0223    .0612    .2915    .5079    .5910    .5097
    .2837    .0421   -.0548   -.0170    .0302    .0531    .0679    .0328
   -.0360   -.0323    .0307    .0245   -.0223    .0612    .2915    .5079
    .5910    .5097    .2837    .0421   -.0548   -.0170    .0302    .0531
    .0679    .0328   -.0360   -.0323    .0307    .0245   -.0223    .0612
    .2915    .5079    .5910    .5097    .2837    .0421   -.0548   -.0170
    .0302    .0531    .0679    .0328   -.0360   -.0323    .0307    .0245
   -.0223    .0612    .2915    .5079    .5910    .5097    .2837    .0421
   -.0548   -.0170    .0302    .0531    .0679    .0328   -.0360   -.0323
    .0307
    .0008   -.0342    .0527    .2842    .5007    .5833    .5079    .2923
    .0568   -.0388   -.0035    .0344    .0531    .0855    .0716   -.0088
   -.0425   -.0005    .0008   -.0342    .0527    .2842    .5007    .5833
    .5079    .2923    .0568   -.0388   -.0035    .0344    .0531    .0855
    .0716   -.0088   -.0425   -.0005    .0008   -.0342    .0527    .2842
    .5007    .5833    .5079    .2923    .0568   -.0388   -.0035    .0344
    .0531    .0855    .0716   -.0088   -.0425   -.0005    .0008   -.0342
    .0527    .2842    .5007    .5833    .5079    .2923    .0568   -.0388
   -.0035    .0344    .0531    .0855    .0716   -.0088   -.0425   -.0005
    .0008
   -.0459    .0470    .2788    .4948    .5756    .5007    .2915    .0643
   -.0233    .0168    .0452    .0423    .0679    .0716    .0021   -.0485
   -.0271   -.0240   -.0459    .0470    .2788    .4948    .5756    .5007
    .2915    .0643   -.0233    .0168    .0452    .0423    .0679    .0716
    .0022   -.0485   -.0271   -.0240   -.0459    .0470    .2788    .4948
    .5756    .5007    .2915    .0643   -.0233    .0168    .0452    .0423
    .0679    .0716    .0021   -.0485   -.0271   -.0240   -.0459    .0470
    .2788    .4948    .5756    .5007    .2915    .0643   -.0233    .0168
    .0452    .0423    .0679    .0716    .0022   -.0485   -.0271   -.0240
   -.0459
    .0472    .2807    .4965    .5746    .4948    .2842    .0612   -.0171
    .0333    .0572    .0254    .0231    .0328   -.0088   -.0485   -.0376
   -.0397   -.0533    .0472    .2807    .4965    .5746    .4948    .2842
    .0612   -.0171    .0333    .0572    .0254    .0231    .0328   -.0088
   -.0485   -.0376   -.0397   -.0533    .0472    .2807    .4965    .5746
    .4948    .2842    .0612   -.0171    .0333    .0572    .0254    .0231
    .0328   -.0088   -.0485   -.0376   -.0397   -.0533    .0472    .2807
    .4965    .5746    .4948    .2842    .0612   -.0171    .0333    .0572
    .0254    .0231    .0328   -.0088   -.0485   -.0376   -.0397   -.0533
    .0472
    .2871    .5051    .5823    .4965    .2788    .0527   -.0223    .0369
    .0624    .0079   -.0292   -.0265   -.0360   -.0425   -.0271   -.0397
   -.0556    .0498    .2871    .5051    .5823    .4965    .2788    .0527
   -.0223    .0369    .0624    .0079   -.0292   -.0265   -.0360   -.0425
   -.0271   -.0397   -.0556    .0498    .2871    .5051    .5823    .4965
    .2788    .0527   -.0223    .0369    .0624    .0079   -.0292   -.0265
   -.0360   -.0425   -.0271   -.0397   -.0556    .0498    .2871    .5051
    .5823    .4965    .2788    .0527   -.0223    .0369    .0624    .0079
   -.0292   -.0265   -.0360   -.0425   -.0271   -.0397   -.0556    .0498
    .2871
    .5131    .5931    .5051    .2807    .0470   -.0342    .0245    .0539
   -.0073   -.0678   -.0785   -.0653   -.0323   -.0005   -.0240   -.0533
    .0498    .2906    .5131    .5931    .5051    .2807    .0470   -.0342
    .0245    .0539   -.0073   -.0678   -.0785   -.0653   -.0323   -.0005
   -.0240   -.0533    .0498    .2906    .5131    .5931    .5051    .2807
    .0470   -.0342    .0245    .0539   -.0073   -.0678   -.0785   -.0653
   -.0323   -.0005   -.0240   -.0533    .0498    .2906    .5131    .5931
    .5051    .2807    .0470   -.0342    .0245    .0539   -.0073   -.0678
   -.0785   -.0653   -.0323   -.0005   -.0240   -.0533    .0498    .2906
    .5131
    .5982    .5131    .2871    .0472   -.0459    .0008    .0307   -.0204
   -.0798   -.0990   -.0798   -.0204    .0307    .0008   -.0459    .0472
    .2871    .5131    .5982    .5131    .2871    .0472   -.0459    .0008
    .0307   -.0204   -.0798   -.0990   -.0798   -.0204    .0307    .0008
   -.0459    .0472    .2871    .5131    .5982    .5131    .2871    .0472
   -.0459    .0008    .0307   -.0204   -.0798   -.0990   -.0798   -.0204
    .0307    .0008   -.0459    .0472    .2871    .5131    .5982    .5131
    .2871    .0472   -.0459    .0008    .0307   -.0204   -.0798   -.0990
   -.0798   -.0204    .0307    .0008   -.0459    .0472    .2871    .5131
    .5982
    .5131    .2906    .0498   -.0533   -.0240   -.0005   -.0323   -.0653
   -.0785   -.0678   -.0073    .0539    .0245   -.0342    .0470    .2807
    .5051    .5931    .5131    .2906    .0498   -.0533   -.0240   -.0005
   -.0323   -.0653   -.0785   -.0678   -.0073    .0539    .0245   -.0342
    .0470    .2807    .5051    .5931    .5131    .2906    .0498   -.0533
   -.0240   -.0005   -.0323   -.0653   -.0785   -.0678   -.0073    .0539
    .0245   -.0342    .0470    .2807    .5051    .5931    .5131    .2906
    .0498   -.0533   -.0240   -.0005   -.0323   -.0653   -.0785   -.0678
   -.0073    .0539    .0245   -.0342    .0470    .2807    .5051    .5931
    .5131
    .2871    .0498   -.0556   -.0397   -.0271   -.0425   -.0360   -.0265
   -.0292    .0079    .0624    .0369   -.0223    .0527    .2788    .4965
    .5823    .5051    .2871    .0498   -.0556   -.0397   -.0271   -.0425
   -.0360   -.0265   -.0292    .0079    .0624    .0369   -.0223    .0527
    .2788    .4965    .5823    .5051    .2871    .0498   -.0556   -.0397
   -.0271   -.0425   -.0360   -.0265   -.0292    .0079    .0624    .0369
   -.0223    .0527    .2788    .4965    .5823    .5051    .2871    .0498
   -.0556   -.0397   -.0271   -.0425   -.0360   -.0265   -.0292    .0079
    .0624    .0369   -.0223    .0527    .2788    .4965    .5823    .5051
    .2871
    .0472   -.0533   -.0397   -.0376   -.0485   -.0088    .0328    .0231
    .0254    .0572    .0333   -.0171    .0612    .2842    .4948    .5746
    .4965    .2807    .0472   -.0533   -.0397   -.0376   -.0485   -.0088
    .0328    .0231    .0254    .0572    .0333   -.0171    .0612    .2842
    .4948    .5746    .4965    .2807    .0472   -.0533   -.0397   -.0376
   -.0485   -.0088    .0328    .0231    .0254    .0572    .0333   -.0171
    .0612    .2842    .4948    .5746    .4965    .2807    .0472   -.0533
   -.0397   -.0376   -.0485   -.0088    .0328    .0231    .0254    .0572
    .0333   -.0171    .0612    .2842    .4948    .5746    .4965    .2807
    .0472
   -.0459   -.0240   -.0271   -.0485    .0021    .0716    .0679    .0423
    .0452    .0168   -.0233    .0643    .2915    .5007    .5756    .4948
    .2788    .0470   -.0459   -.0240   -.0271   -.0485    .0021    .0716
    .0679    .0423    .0452    .0168   -.0233    .0643    .2915    .5007
    .5756    .4948    .2788    .0470   -.0459   -.0240   -.0271   -.0485
    .0021    .0716    .0679    .0423    .0452    .0168   -.0233    .0643
    .2915    .5007    .5756    .4948    .2788    .0470   -.0459   -.0240
   -.0271   -.0485    .0021    .0716    .0679    .0423    .0452    .0168
   -.0233    .0643    .2915    .5007    .5756    .4948    .2788    .0470
   -.0459
    .0008   -.0005   -.0425   -.0088    .0716    .0855    .0531    .0344
   -.0035   -.0388    .0568    .2923    .5079    .5833    .5007    .2842
    .0527   -.0342    .0008   -.0005   -.0425   -.0088    .0716    .0855
    .0531    .0344   -.0035   -.0388    .0568    .2923    .5079    .5833
    .5007    .2842    .0527   -.0342    .0008   -.0005   -.0425   -.0088
    .0716    .0855    .0531    .0344   -.0035   -.0388    .0568    .2923
    .5079    .5833    .5007    .2842    .0527   -.0342    .0008   -.0005
   -.0425   -.0088    .0716    .0855    .0531    .0344   -.0035   -.0388
    .0568    .2923    .5079    .5833    .5007    .2842    .0527   -.0342
    .0008
    .0307   -.0323   -.0360    .0328    .0679    .0531    .0302   -.0170
   -.0548    .0421    .2837    .5097    .5910    .5079    .2915    .0612
   -.0223    .0245    .0307   -.0323   -.0360    .0328    .0679    .0531
    .0302   -.0170   -.0548    .0421    .2837    .5097    .5910    .5079
    .2915    .0612   -.0223    .0245    .0307   -.0323   -.0360    .0328
    .0679    .0531    .0302   -.0170   -.0548    .0421    .2837    .5097
    .5910    .5079    .2915    .0612   -.0223    .0245    .0307   -.0323
   -.0360    .0328    .0679    .0531    .0302   -.0170   -.0548    .0421
    .2837    .5097    .5910    .5079    .2915    .0612   -.0223    .0245
    .0307
   -.0204   -.0653   -.0265    .0231    .0423    .0344   -.0170   -.0616
    .0304    .2718    .5055    .5936    .5097    .2923    .0643   -.0171
    .0369    .0539   -.0204   -.0653   -.0265    .0231    .0423    .0344
   -.0170   -.0616    .0304    .2718    .5055    .5936    .5097    .2923
    .0643   -.0171    .0369    .0539   -.0204   -.0653   -.0265    .0231
    .0423    .0344   -.0170   -.0616    .0304    .2718    .5055    .5936
    .5097    .2923    .0643   -.0171    .0369    .0539   -.0204   -.0653
   -.0265    .0231    .0423    .0344   -.0170   -.0616    .0304    .2718
    .5055    .5936    .5097    .2923    .0643   -.0171    .0369    .0539
   -.0204
   -.0798   -.0785   -.0292    .0254    .0452   -.0035   -.0548    .0304
    .2662    .5005    .5921    .5055    .2837    .0568   -.0233    .0333
    .0624   -.0073   -.0798   -.0785   -.0292    .0254    .0452   -.0035
   -.0548    .0304    .2662    .5005    .5921    .5055    .2837    .0568
   -.0233    .0333    .0624   -.0073   -.0798   -.0785   -.0292    .0254
    .0452   -.0035   -.0548    .0304    .2662    .5005    .5921    .5055
    .2837    .0568   -.0233    .0333    .0624   -.0073   -.0798   -.0785
   -.0292    .0254    .0452   -.0035   -.0548    .0304    .2662    .5005
    .5921    .5055    .2837    .0568   -.0233    .0333    .0624   -.0073
   -.0798
   -.0990   -.0678    .0079    .0572    .0168   -.0388    .0421    .2718
    .5005    .5908    .5005    .2718    .0421   -.0388    .0168    .0572
    .0079   -.0678   -.0990   -.0678    .0079    .0572    .0168   -.0388
    .0421    .2718    .5005    .5908    .5005    .2718    .0421   -.0388
    .0168    .0572    .0079   -.0678   -.0990   -.0678    .0079    .0572
    .0168   -.0388    .0421    .2718    .5005    .5908    .5005    .2718
    .0421   -.0388    .0168    .0572    .0079   -.0678   -.0990   -.0678
    .0079    .0572    .0168   -.0388    .0421    .2718    .5005    .5908
    .5005    .2718    .0421   -.0388    .0168    .0572    .0079   -.0678
   -.0990
   -.0083   -.0403   -.0452    .0331    .0572   -.0311   -.0923   -.0593
   -.0187   -.0108   -.0187   -.0593   -.0923   -.0311    .0572    .0331
   -.0452   -.0403   -.0083   -.0403   -.0452    .0331    .0572   -.0311
   -.0923   -.0593   -.0187   -.0108   -.0187   -.0593   -.0923   -.0311
    .0572    .0331   -.0452   -.0403   -.0083   -.0403   -.0452    .0331
    .0572   -.0311   -.0923   -.0593   -.0187   -.0108   -.0187   -.0593
   -.0923   -.0311    .0572    .0331   -.0452   -.0403   -.0083   -.0403
   -.0452    .0331    .0572   -.0311   -.0923   -.0593   -.0187   -.0108
   -.0187   -.0593   -.0923   -.0311    .0572    .0331   -.0452   -.0403
   -.0083
   -.0372   -.0298    .0629    .0759   -.0204   -.0671   -.0288   -.0040
   -.0065   -.0187   -.0741   -.1157   -.0460    .0415    .0058   -.0603
   -.0283    .0055   -.0372   -.0298    .0629    .0759   -.0204   -.0671
   -.0288   -.0040   -.0065   -.0187   -.0741   -.1157   -.0460    .0415
    .0058   -.0603   -.0283    .0055   -.0372   -.0298    .0629    .0759
   -.0204   -.0671   -.0288   -.0040   -.0065   -.0187   -.0741   -.1157
   -.0460    .0415    .0058   -.0603   -.0283    .0055   -.0372   -.0298
    .0629    .0759   -.0204   -.0671   -.0288   -.0040   -.0065   -.0187
   -.0741   -.1157   -.0460    .0415    .0058   -.0603   -.0283    .0055
   -.0372
   -.0271    .0786    .0897   -.0220   -.0634   -.0109    .0090    .0000
   -.0040   -.0593   -.1157   -.0528    .0334   -.0097   -.0667   -.0031
    .0412   -.0243   -.0271    .0786    .0897   -.0220   -.0634   -.0110
    .0090    .0000   -.0040   -.0593   -.1157   -.0528    .0334   -.0097
   -.0667   -.0031    .0412   -.0243   -.0271    .0786    .0897   -.0220
   -.0634   -.0109    .0090    .0000   -.0040   -.0593   -.1157   -.0528
    .0334   -.0097   -.0667   -.0031    .0412   -.0243   -.0271    .0786
    .0897   -.0220   -.0634   -.0110    .0090    .0000   -.0040   -.0593
   -.1157   -.0528    .0334   -.0097   -.0667   -.0031    .0412   -.0243
   -.0271
    .0701    .0941   -.0303   -.0834   -.0220    .0043   -.0036    .0090
   -.0288   -.0923   -.0460    .0334   -.0141   -.0667    .0231    .0830
   -.0088   -.0420    .0701    .0941   -.0303   -.0834   -.0220    .0043
   -.0036    .0090   -.0288   -.0923   -.0460    .0334   -.0141   -.0667
    .0230    .0830   -.0088   -.0420    .0701    .0941   -.0303   -.0834
   -.0220    .0043   -.0036    .0090   -.0288   -.0923   -.0460    .0334
   -.0141   -.0667    .0231    .0830   -.0088   -.0420    .0701    .0941
   -.0303   -.0834   -.0220    .0043   -.0036    .0090   -.0288   -.0923
   -.0460    .0334   -.0141   -.0667    .0230    .0830   -.0088   -.0420
    .0701
    .0923   -.0299   -.1041   -.0496   -.0163   -.0205    .0043   -.0109
   -.0671   -.0311    .0415   -.0097   -.0667    .0342    .1110    .0035
   -.0659    .0430    .0923   -.0299   -.1041   -.0496   -.0163   -.0205
    .0043   -.0109   -.0671   -.0311    .0415   -.0097   -.0667    .0342
    .1110    .0035   -.0659    .0430    .0923   -.0299   -.1041   -.0496
   -.0163   -.0205    .0043   -.0109   -.0671   -.0311    .0415   -.0097
   -.0667    .0342    .1110    .0035   -.0659    .0430    .0923   -.0299
   -.1041   -.0496   -.0163   -.0205    .0043   -.0109   -.0671   -.0311
    .0415   -.0097   -.0667    .0342    .1110    .0035   -.0659    .0430
    .0923
   -.0113   -.0997   -.0640   -.0326   -.0379   -.0163   -.0220   -.0634
   -.0204    .0572    .0058   -.0667    .0230    .1110    .0081   -.0835
    .0150    .0903   -.0113   -.0997   -.0640   -.0326   -.0379   -.0163
   -.0220   -.0634   -.0204    .0572    .0058   -.0667    .0230    .1110
    .0081   -.0835    .0150    .0903   -.0113   -.0997   -.0640   -.0326
   -.0379   -.0163   -.0220   -.0634   -.0204    .0572    .0058   -.0667
    .0230    .1110    .0081   -.0835    .0150    .0903   -.0113   -.0997
   -.0640   -.0326   -.0379   -.0163   -.0220   -.0634   -.0204    .0572
    .0058   -.0667    .0230    .1110    .0081   -.0835    .0150    .0903
   -.0113
   -.0690   -.0484   -.0249   -.0370   -.0326   -.0496   -.0834   -.0220
    .0759    .0331   -.0603   -.0031    .0830    .0035   -.0835    .0034
    .0899    .0153   -.0690   -.0484   -.0249   -.0370   -.0326   -.0496
   -.0834   -.0220    .0759    .0331   -.0603   -.0031    .0830    .0035
   -.0835    .0034    .0899    .0153   -.0690   -.0484   -.0249   -.0370
   -.0326   -.0496   -.0834   -.0220    .0759    .0331   -.0603   -.0031
    .0830    .0035   -.0835    .0034    .0899    .0153   -.0690   -.0484
   -.0249   -.0370   -.0326   -.0496   -.0834   -.0220    .0759    .0331
   -.0603   -.0031    .0830    .0035   -.0835    .0034    .0899    .0153
   -.0690
   -.0168    .0045   -.0117   -.0249   -.0640   -.1041   -.0303    .0897
    .0629   -.0452   -.0283    .0412   -.0088   -.0659    .0150    .0899
    .0280   -.0393   -.0168    .0045   -.0117   -.0249   -.0640   -.1041
   -.0304    .0897    .0629   -.0452   -.0283    .0412   -.0088   -.0659
    .0150    .0899    .0280   -.0393   -.0168    .0045   -.0117   -.0249
   -.0640   -.1041   -.0303    .0897    .0629   -.0452   -.0283    .0412
   -.0088   -.0659    .0150    .0899    .0280   -.0393   -.0168    .0045
   -.0117   -.0249   -.0640   -.1041   -.0304    .0897    .0629   -.0452
   -.0283    .0412   -.0088   -.0659    .0150    .0899    .0280   -.0393
   -.0168
    .0311    .0217    .0045   -.0484   -.0997   -.0299    .0941    .0786
   -.0298   -.0403    .0055   -.0243   -.0420    .0430    .0903    .0153
   -.0393   -.0009    .0311    .0217    .0045   -.0484   -.0997   -.0299
    .0941    .0786   -.0298   -.0403    .0055   -.0243   -.0420    .0430
    .0903    .0153   -.0393   -.0009    .0311    .0217    .0045   -.0484
   -.0997   -.0299    .0941    .0786   -.0298   -.0403    .0055   -.0243
   -.0420    .0430    .0903    .0153   -.0393   -.0009    .0311    .0217
    .0045   -.0484   -.0997   -.0299    .0941    .0786   -.0298   -.0403
    .0055   -.0243   -.0420    .0430    .0903    .0153   -.0393   -.0009
    .0311
    .0371    .0311   -.0168   -.0690   -.0113    .0923    .0701   -.0271
   -.0372   -.0083   -.0372   -.0271    .0701    .0923   -.0113   -.0690
   -.0168    .0311    .0371    .0311   -.0168   -.0690   -.0113    .0923
    .0701   -.0271   -.0372   -.0083   -.0372   -.0271    .0701    .0923
   -.0113   -.0690   -.0168    .0311    .0371    .0311   -.0168   -.0690
   -.0113    .0923    .0701   -.0271   -.0372   -.0083   -.0372   -.0271
    .0701    .0923   -.0113   -.0690   -.0168    .0311    .0371    .0311
   -.0168   -.0690   -.0113    .0923    .0701   -.0271   -.0372   -.0083
   -.0372   -.0271    .0701    .0923   -.0113   -.0690   -.0168    .0311
    .0371
    .0311   -.0009   -.0393    .0153    .0903    .0430   -.0420   -.0243
    .0055   -.0403   -.0298    .0786    .0941   -.0299   -.0997   -.0484
    .0045    .0217    .0311   -.0009   -.0393    .0153    .0903    .0430
   -.0420   -.0243    .0055   -.0403   -.0298    .0786    .0941   -.0299
   -.0997   -.0484    .0045    .0217    .0311   -.0009   -.0393    .0153
    .0903    .0430   -.0420   -.0243    .0055   -.0403   -.0298    .0786
    .0941   -.0299   -.0997   -.0484    .0045    .0217    .0311   -.0009
   -.0393    .0153    .0903    .0430   -.0420   -.0243    .0055   -.0403
   -.0298    .0786    .0941   -.0299   -.0997   -.0484    .0045    .0217
    .0311
   -.0168   -.0393    .0280    .0899    .0150   -.0659   -.0088    .0412
   -.0283   -.0452    .0629    .0897   -.0303   -.1041   -.0640   -.0249
   -.0117    .0045   -.0168   -.0393    .0280    .0899    .0150   -.0659
   -.0088    .0412   -.0283   -.0452    .0629    .0897   -.0303   -.1041
   -.0641   -.0249   -.0117    .0045   -.0168   -.0393    .0280    .0899
    .0150   -.0659   -.0088    .0412   -.0283   -.0452    .0629    .0897
   -.0303   -.1041   -.0640   -.0249   -.0117    .0045   -.0168   -.0393
    .0280    .0899    .0150   -.0659   -.0088    .0412   -.0283   -.0452
    .0629    .0897   -.0303   -.1041   -.0641   -.0249   -.0117    .0045
   -.0168
   -.0690    .0153    .0899    .0034   -.0835    .0035    .0830   -.0031
   -.0603    .0331    .0759   -.0220   -.0834   -.0496   -.0326   -.0370
   -.0249   -.0484   -.0690    .0153    .0899    .0034   -.0835    .0035
    .0830   -.0031   -.0603    .0331    .0759   -.0220   -.0834   -.0496
   -.0326   -.0370   -.0249   -.0484   -.0690    .0153    .0899    .0034
   -.0835    .0035    .0830   -.0031   -.0603    .0331    .0759   -.0220
   -.0834   -.0496   -.0326   -.0370   -.0249   -.0484   -.0690    .0153
    .0899    .0034   -.0835    .0035    .0830   -.0031   -.0603    .0331
    .0759   -.0220   -.0834   -.0496   -.0326   -.0370   -.0249   -.0484
   -.0690
   -.0113    .0903    .0150   -.0835    .0081    .1110    .0231   -.0667
    .0058    .0572   -.0204   -.0634   -.0220   -.0163   -.0379   -.0326
   -.0640   -.0997   -.0113    .0903    .0150   -.0835    .0081    .1110
    .0231   -.0667    .0058    .0572   -.0204   -.0634   -.0220   -.0163
   -.0379   -.0326   -.0640   -.0997   -.0113    .0903    .0150   -.0835
    .0081    .1110    .0231   -.0667    .0058    .0572   -.0204   -.0634
   -.0220   -.0163   -.0379   -.0326   -.0640   -.0997   -.0113    .0903
    .0150   -.0835    .0081    .1110    .0231   -.0667    .0058    .0572
   -.0204   -.0634   -.0220   -.0163   -.0379   -.0326   -.0640   -.0997
   -.0113
    .0923    .0430   -.0659    .0035    .1110    .0342   -.0667   -.0097
    .0415   -.0311   -.0671   -.0109    .0043   -.0205   -.0163   -.0496
   -.1041   -.0299    .0923    .0430   -.0659    .0035    .1110    .0343
   -.0667   -.0097    .0415   -.0311   -.0671   -.0110    .0043   -.0205
   -.0163   -.0496   -.1041   -.0299    .0923    .0430   -.0659    .0035
    .1110    .0342   -.0667   -.0097    .0415   -.0311   -.0671   -.0109
    .0043   -.0205   -.0163   -.0496   -.1041   -.0299    .0923    .0430
   -.0659    .0035    .1110    .0343   -.0667   -.0097    .0415   -.0311
   -.0671   -.0110    .0043   -.0205   -.0163   -.0496   -.1041   -.0299
    .0923
    .0701   -.0420   -.0088    .0830    .0231   -.0667   -.0141    .0334
   -.0460   -.0923   -.0288    .0090   -.0036    .0043   -.0220   -.0834
   -.0304    .0941    .0701   -.0420   -.0088    .0830    .0231   -.0667
   -.0141    .0334   -.0460   -.0923   -.0288    .0090   -.0036    .0043
   -.0220   -.0834   -.0304    .0941    .0701   -.0420   -.0088    .0830
    .0231   -.0667   -.0141    .0334   -.0460   -.0923   -.0288    .0090
   -.0036    .0043   -.0220   -.0834   -.0304    .0941    .0701   -.0420
   -.0088    .0830    .0231   -.0667   -.0141    .0334   -.0460   -.0923
   -.0288    .0090   -.0036    .0043   -.0220   -.0834   -.0304    .0941
    .0701
   -.0271   -.0243    .0412   -.0031   -.0667   -.0097    .0334   -.0528
   -.1157   -.0593   -.0040    .0000    .0090   -.0109   -.0634   -.0220
    .0897    .0786   -.0271   -.0243    .0412   -.0031   -.0667   -.0097
    .0334   -.0528   -.1157   -.0593   -.0040    .0000    .0090   -.0109
   -.0634   -.0220    .0897    .0786   -.0271   -.0243    .0412   -.0031
   -.0667   -.0097    .0334   -.0528   -.1157   -.0593   -.0040    .0000
    .0090   -.0109   -.0634   -.0220    .0897    .0786   -.0271   -.0243
    .0412   -.0031   -.0667   -.0097    .0334   -.0528   -.1157   -.0593
   -.0040    .0000    .0090   -.0109   -.0634   -.0220    .0897    .0786
   -.0271
   -.0372    .0055   -.0283   -.0603    .0058    .0415   -.0460   -.1157
   -.0741   -.0187   -.0065   -.0040   -.0288   -.0671   -.0204    .0759
    .0629   -.0298   -.0372    .0055   -.0283   -.0603    .0058    .0415
   -.0460   -.1157   -.0741   -.0187   -.0065   -.0040   -.0288   -.0671
   -.0204    .0759    .0629   -.0298   -.0372    .0055   -.0283   -.0603
    .0058    .0415   -.0460   -.1157   -.0741   -.0187   -.0065   -.0040
   -.0288   -.0671   -.0204    .0759    .0629   -.0298   -.0372    .0055
   -.0283   -.0603    .0058    .0415   -.0460   -.1157   -.0741   -.0187
   -.0065   -.0040   -.0288   -.0671   -.0204    .0759    .0629   -.0298
   -.0372
   -.0083   -.0403   -.0452    .0331    .0572   -.0311   -.0923   -.0593
   -.0187   -.0108   -.0187   -.0593   -.0923   -.0311    .0572    .0331
   -.0452   -.0403   -.0083   -.0403   -.0452    .0331    .0572   -.0311
   -.0923   -.0593   -.0187   -.0108   -.0187   -.0593   -.0923   -.0311
    .0572    .0331   -.0452   -.0403   -.0083   -.0403   -.0452    .0331
    .0572   -.0311   -.0923   -.0593   -.0187   -.0108   -.0187   -.0593
   -.0923   -.0311    .0572    .0331   -.0452   -.0403   -.0083   -.0403
   -.0452    .0331    .0572   -.0311   -.0923   -.0593   -.0187   -.0108
   -.0187   -.0593   -.0923   -.0311    .0572    .0331   -.0452   -.0403
   -.0083
    .0735    .0309   -.0382   -.0452    .0079    .0515    .0461    .0074
   -.0321   -.0482   -.0321    .0074    .0461    .0515    .0079   -.0452
   -.0382    .0309    .0735    .0309   -.0382   -.0452    .0079    .0515
    .0461    .0074   -.0321   -.0482   -.0321    .0074    .0461    .0515
    .0079   -.0452   -.0382    .0309    .0735    .0309   -.0382   -.0452
    .0079    .0515    .0461    .0074   -.0321   -.0482   -.0321    .0074
    .0461    .0515    .0079   -.0452   -.0382    .0309    .0735    .0309
   -.0382   -.0452    .0079    .0515    .0461    .0074   -.0321   -.0482
   -.0321    .0074    .0461    .0515    .0079   -.0452   -.0382    .0309
    .0735
    .0479    .0034   -.0142   -.0049    .0390    .0866    .0647   -.0103
   -.0458   -.0321   -.0192    .0089    .0566    .0394   -.0507   -.0801
   -.0001    .0674    .0479    .0034   -.0142   -.0049    .0390    .0866
    .0647   -.0103   -.0458   -.0321   -.0192    .0089    .0566    .0394
   -.0507   -.0801   -.0001    .0674    .0479    .0034   -.0142   -.0049
    .0390    .0866    .0647   -.0103   -.0458   -.0321   -.0192    .0089
    .0566    .0394   -.0507   -.0801   -.0001    .0674    .0479    .0034
   -.0142   -.0049    .0390    .0866    .0647   -.0103   -.0458   -.0321
   -.0192    .0089    .0566    .0394   -.0507   -.0801   -.0001    .0674
    .0479
    .0165    .0137   -.0039    .0112    .0869    .1024    .0125   -.0425
   -.0103    .0074    .0089    .0584    .0692   -.0321   -.0995   -.0261
    .0558    .0436    .0165    .0137   -.0039    .0112    .0869    .1024
    .0125   -.0425   -.0103    .0074    .0089    .0584    .0692   -.0321
   -.0995   -.0261    .0558    .0436    .0165    .0137   -.0039    .0112
    .0869    .1024    .0125   -.0425   -.0103    .0074    .0089    .0584
    .0692   -.0321   -.0995   -.0261    .0558    .0436    .0165    .0137
   -.0039    .0112    .0869    .1024    .0125   -.0425   -.0103    .0074
    .0089    .0584    .0692   -.0321   -.0995   -.0261    .0558    .0436
    .0165
    .0170    .0008   -.0242    .0364    .0842    .0117   -.0474    .0125
    .0647    .0461    .0566    .0692   -.0196   -.1009   -.0374    .0488
    .0282   -.0026    .0170    .0008   -.0242    .0364    .0842    .0117
   -.0474    .0125    .0647    .0461    .0566    .0692   -.0196   -.1009
   -.0374    .0488    .0282   -.0026    .0170    .0008   -.0242    .0364
    .0842    .0117   -.0474    .0125    .0647    .0461    .0566    .0692
   -.0196   -.1009   -.0374    .0488    .0282   -.0026    .0170    .0008
   -.0242    .0364    .0842    .0117   -.0474    .0125    .0647    .0461
    .0566    .0692   -.0196   -.1009   -.0374    .0488    .0282   -.0026
    .0170
    .0132   -.0355   -.0227    .0252   -.0171   -.0652    .0117    .1024
    .0866    .0515    .0394   -.0321   -.1009   -.0393    .0479    .0158
   -.0333    .0019    .0132   -.0355   -.0227    .0252   -.0171   -.0652
    .0116    .1024    .0866    .0515    .0394   -.0321   -.1009   -.0393
    .0479    .0158   -.0333    .0019    .0132   -.0355   -.0227    .0252
   -.0171   -.0652    .0117    .1024    .0866    .0515    .0394   -.0321
   -.1009   -.0393    .0479    .0158   -.0333    .0019    .0132   -.0355
   -.0227    .0252   -.0171   -.0652    .0116    .1024    .0866    .0515
    .0394   -.0321   -.1009   -.0393    .0479    .0158   -.0333    .0019
    .0132
    .0016   -.0311   -.0184   -.0486   -.0858   -.0171    .0842    .0869
    .0390    .0079   -.0507   -.0995   -.0374    .0479    .0117   -.0538
   -.0133    .0383    .0016   -.0311   -.0184   -.0485   -.0858   -.0171
    .0842    .0869    .0390    .0079   -.0507   -.0995   -.0374    .0479
    .0117   -.0538   -.0133    .0383    .0016   -.0311   -.0184   -.0486
   -.0858   -.0171    .0842    .0869    .0390    .0079   -.0507   -.0995
   -.0374    .0479    .0117   -.0538   -.0133    .0383    .0016   -.0311
   -.0184   -.0485   -.0858   -.0171    .0842    .0869    .0390    .0079
   -.0507   -.0995   -.0374    .0479    .0117   -.0538   -.0133    .0383
    .0016
    .0218   -.0066   -.0513   -.0898   -.0486    .0252    .0364    .0112
   -.0049   -.0452   -.0801   -.0261    .0488    .0158   -.0538   -.0188
    .0616    .0641    .0218   -.0066   -.0513   -.0898   -.0486    .0252
    .0364    .0112   -.0049   -.0452   -.0801   -.0261    .0488    .0158
   -.0538   -.0188    .0616    .0641    .0218   -.0066   -.0513   -.0898
   -.0486    .0252    .0364    .0112   -.0049   -.0452   -.0801   -.0261
    .0488    .0158   -.0538   -.0188    .0616    .0641    .0218   -.0066
   -.0513   -.0898   -.0486    .0252    .0364    .0112   -.0049   -.0452
   -.0801   -.0261    .0488    .0158   -.0538   -.0188    .0616    .0641
    .0218
    .0412   -.0221   -.0684   -.0513   -.0184   -.0227   -.0242   -.0039
   -.0142   -.0382   -.0001    .0558    .0282   -.0333   -.0133    .0616
    .0952    .0801    .0412   -.0221   -.0684   -.0513   -.0184   -.0227
   -.0242   -.0039   -.0142   -.0382   -.0001    .0558    .0282   -.0333
   -.0133    .0616    .0952    .0801    .0412   -.0221   -.0684   -.0513
   -.0184   -.0227   -.0242   -.0039   -.0142   -.0382   -.0001    .0558
    .0282   -.0333   -.0133    .0616    .0952    .0801    .0412   -.0221
   -.0684   -.0513   -.0184   -.0227   -.0242   -.0039   -.0142   -.0382
   -.0001    .0558    .0282   -.0333   -.0133    .0616    .0952    .0801
    .0412
    .0085   -.0369   -.0221   -.0066   -.0311   -.0355    .0008    .0137
    .0034    .0309    .0674    .0436   -.0026    .0019    .0383    .0641
    .0801    .0674    .0085   -.0369   -.0221   -.0066   -.0311   -.0355
    .0008    .0137    .0034    .0309    .0674    .0436   -.0026    .0019
    .0383    .0641    .0801    .0674    .0085   -.0369   -.0221   -.0066
   -.0311   -.0355    .0008    .0137    .0034    .0309    .0674    .0436
   -.0026    .0019    .0383    .0641    .0801    .0674    .0085   -.0369
   -.0221   -.0066   -.0311   -.0355    .0008    .0137    .0034    .0309
    .0674    .0436   -.0026    .0019    .0383    .0641    .0801    .0674
    .0085
   -.0221    .0085    .0412    .0218    .0016    .0132    .0170    .0165
    .0479    .0735    .0479    .0165    .0170    .0132    .0016    .0218
    .0412    .0085   -.0221    .0085    .0412    .0218    .0016    .0132
    .0170    .0165    .0479    .0735    .0479    .0165    .0170    .0132
    .0016    .0218    .0412    .0085   -.0221    .0085    .0412    .0218
    .0016    .0132    .0170    .0165    .0479    .0735    .0479    .0165
    .0170    .0132    .0016    .0218    .0412    .0085   -.0221    .0085
    .0412    .0218    .0016    .0132    .0170    .0165    .0479    .0735
    .0479    .0165    .0170    .0132    .0016    .0218    .0412    .0085
   -.0221
    .0085    .0674    .0801    .0641    .0383    .0019   -.0026    .0436
    .0674    .0309    .0034    .0137    .0008   -.0355   -.0311   -.0066
   -.0221   -.0369    .0085    .0674    .0801    .0641    .0383    .0019
   -.0026    .0436    .0674    .0309    .0034    .0137    .0008   -.0355
   -.0311   -.0066   -.0221   -.0369    .0085    .0674    .0801    .0641
    .0383    .0019   -.0026    .0436    .0674    .0309    .0034    .0137
    .0008   -.0355   -.0311   -.0066   -.0221   -.0369    .0085    .0674
    .0801    .0641    .0383    .0019   -.0026    .0436    .0674    .0309
    .0034    .0137    .0008   -.0355   -.0311   -.0066   -.0221   -.0369
    .0085
    .0412    .0801    .0952    .0616   -.0133   -.0333    .0282    .0558
   -.0001   -.0382   -.0142   -.0039   -.0242   -.0227   -.0184   -.0513
   -.0684   -.0221    .0412    .0801    .0952    .0616   -.0133   -.0333
    .0282    .0558   -.0001   -.0382   -.0142   -.0039   -.0242   -.0227
   -.0184   -.0513   -.0684   -.0221    .0412    .0801    .0952    .0616
   -.0133   -.0333    .0282    .0558   -.0001   -.0382   -.0142   -.0039
   -.0242   -.0227   -.0184   -.0513   -.0684   -.0221    .0412    .0801
    .0952    .0616   -.0133   -.0333    .0282    .0558   -.0001   -.0382
   -.0142   -.0039   -.0242   -.0227   -.0184   -.0513   -.0684   -.0221
    .0412
    .0218    .0641    .0616   -.0188   -.0538    .0158    .0488   -.0261
   -.0801   -.0452   -.0049    .0112    .0364    .0252   -.0485   -.0898
   -.0513   -.0066    .0218    .0641    .0616   -.0188   -.0538    .0158
    .0488   -.0261   -.0801   -.0452   -.0049    .0112    .0364    .0252
   -.0485   -.0898   -.0513   -.0066    .0218    .0641    .0616   -.0188
   -.0538    .0158    .0488   -.0261   -.0801   -.0452   -.0049    .0112
    .0364    .0252   -.0485   -.0898   -.0513   -.0066    .0218    .0641
    .0616   -.0188   -.0538    .0158    .0488   -.0261   -.0801   -.0452
   -.0049    .0112    .0364    .0252   -.0485   -.0898   -.0513   -.0066
    .0218
    .0016    .0383   -.0133   -.0538    .0117    .0479   -.0374   -.0995
   -.0507    .0079    .0390    .0869    .0842   -.0171   -.0858   -.0486
   -.0184   -.0311    .0016    .0383   -.0133   -.0538    .0117    .0479
   -.0374   -.0995   -.0507    .0079    .0390    .0869    .0842   -.0171
   -.0858   -.0486   -.0184   -.0311    .0016    .0383   -.0133   -.0538
    .0117    .0479   -.0374   -.0995   -.0507    .0079    .0390    .0869
    .0842   -.0171   -.0858   -.0486   -.0184   -.0311    .0016    .0383
   -.0133   -.0538    .0117    .0479   -.0374   -.0995   -.0507    .0079
    .0390    .0869    .0842   -.0171   -.0858   -.0486   -.0184   -.0311
    .0016
    .0132    .0019   -.0333    .0158    .0479   -.0393   -.1009   -.0321
    .0394    .0515    .0866    .1024    .0117   -.0652   -.0171    .0252
   -.0227   -.0355    .0132    .0019   -.0333    .0158    .0479   -.0393
   -.1009   -.0321    .0394    .0515    .0866    .1024    .0117   -.0652
   -.0171    .0252   -.0227   -.0355    .0132    .0019   -.0333    .0158
    .0479   -.0393   -.1009   -.0321    .0394    .0515    .0866    .1024
    .0117   -.0652   -.0171    .0252   -.0227   -.0355    .0132    .0019
   -.0333    .0158    .0479   -.0393   -.1009   -.0321    .0394    .0515
    .0866    .1024    .0117   -.0652   -.0171    .0252   -.0227   -.0355
    .0132
    .0170   -.0026    .0282    .0488   -.0374   -.1009   -.0196    .0692
    .0566    .0461    .0647    .0125   -.0474    .0117    .0842    .0364
   -.0242    .0008    .0170   -.0026    .0282    .0488   -.0374   -.1009
   -.0196    .0692    .0566    .0461    .0647    .0125   -.0474    .0116
    .0842    .0364   -.0242    .0008    .0170   -.0026    .0282    .0488
   -.0374   -.1009   -.0196    .0692    .0566    .0461    .0647    .0125
   -.0474    .0117    .0842    .0364   -.0242    .0008    .0170   -.0026
    .0282    .0488   -.0374   -.1009   -.0196    .0692    .0566    .0461
    .0647    .0125   -.0474    .0116    .0842    .0364   -.0242    .0008
    .0170
    .0165    .0436    .0558   -.0261   -.0995   -.0321    .0692    .0584
    .0089    .0074   -.0103   -.0425    .0125    .1024    .0869    .0112
   -.0039    .0137    .0165    .0436    .0558   -.0261   -.0995   -.0321
    .0692    .0584    .0089    .0074   -.0103   -.0425    .0125    .1024
    .0869    .0112   -.0039    .0137    .0165    .0436    .0558   -.0261
   -.0995   -.0321    .0692    .0584    .0089    .0074   -.0103   -.0425
    .0125    .1024    .0869    .0112   -.0039    .0137    .0165    .0436
    .0558   -.0261   -.0995   -.0321    .0692    .0584    .0089    .0074
   -.0103   -.0425    .0125    .1024    .0869    .0112   -.0039    .0137
    .0165
    .0479    .0674   -.0001   -.0801   -.0507    .0394    .0566    .0089
   -.0192   -.0321   -.0458   -.0103    .0647    .0866    .0390   -.0049
   -.0142    .0034    .0479    .0674   -.0001   -.0801   -.0507    .0394
    .0566    .0089   -.0192   -.0321   -.0458   -.0103    .0647    .0866
    .0390   -.0049   -.0142    .0034    .0479    .0674   -.0001   -.0801
   -.0507    .0394    .0566    .0089   -.0192   -.0321   -.0458   -.0103
    .0647    .0866    .0390   -.0049   -.0142    .0034    .0479    .0674
   -.0001   -.0801   -.0507    .0394    .0566    .0089   -.0192   -.0321
   -.0458   -.0103    .0647    .0866    .0390   -.0049   -.0142    .0034
    .0479
    .0735    .0309   -.0382   -.0452    .0079    .0515    .0461    .0074
   -.0321   -.0482   -.0321    .0074    .0461    .0515    .0079   -.0452
   -.0382    .0309    .0735    .0309   -.0382   -.0452    .0079    .0515
    .0461    .0074   -.0321   -.0482   -.0321    .0074    .0461    .0515
    .0079   -.0452   -.0382    .0309    .0735    .0309   -.0382   -.0452
    .0079    .0515    .0461    .0074   -.0321   -.0482   -.0321    .0074
    .0461    .0515    .0079   -.0452   -.0382    .0309    .0735    .0309
   -.0382   -.0452    .0079    .0515    .0461    .0074   -.0321   -.0482
   -.0321    .0074    .0461    .0515    .0079   -.0452   -.0382    .0309
    .0735
    .0059    .0315    .0309   -.0403   -.0678   -.0137    .0160    .0086
    .0401    .0723    .0401    .0086    .0160   -.0137   -.0678   -.0403
    .0309    .0315    .0059    .0315    .0309   -.0403   -.0678   -.0137
    .0160    .0086    .0401    .0723    .0401    .0086    .0160   -.0137
   -.0678   -.0403    .0309    .0315    .0059    .0315    .0309   -.0403
   -.0678   -.0137    .0160    .0086    .0401    .0723    .0401    .0086
    .0160   -.0137   -.0678   -.0403    .0309    .0315    .0059    .0315
    .0309   -.0403   -.0678   -.0137    .0160    .0086    .0401    .0723
    .0401    .0086    .0160   -.0137   -.0678   -.0403    .0309    .0315
    .0059
    .0220    .0468   -.0187   -.0766   -.0115    .0750    .0663    .0378
    .0539    .0401   -.0138   -.0205    .0066   -.0034   -.0149    .0095
    .0120   -.0069    .0220    .0468   -.0187   -.0766   -.0115    .0750
    .0663    .0378    .0539    .0401   -.0138   -.0205    .0066   -.0034
   -.0149    .0095    .0120   -.0069    .0220    .0468   -.0187   -.0766
   -.0115    .0750    .0663    .0378    .0539    .0401   -.0138   -.0205
    .0066   -.0034   -.0149    .0095    .0120   -.0069    .0220    .0468
   -.0187   -.0766   -.0115    .0750    .0663    .0378    .0539    .0401
   -.0138   -.0205    .0066   -.0034   -.0149    .0095    .0120   -.0069
    .0220
    .0304   -.0018   -.0613   -.0102    .1090    .1232    .0447    .0193
    .0378    .0086   -.0205    .0216    .0676    .0516    .0142   -.0124
   -.0289   -.0069    .0304   -.0018   -.0613   -.0102    .1090    .1232
    .0447    .0193    .0378    .0086   -.0205    .0216    .0676    .0516
    .0142   -.0124   -.0289   -.0069    .0304   -.0018   -.0613   -.0102
    .1090    .1232    .0447    .0193    .0378    .0086   -.0205    .0216
    .0676    .0516    .0142   -.0124   -.0289   -.0069    .0304   -.0018
   -.0613   -.0102    .1090    .1232    .0447    .0193    .0378    .0086
   -.0205    .0216    .0676    .0516    .0142   -.0124   -.0289   -.0069
    .0304
   -.0160   -.0650   -.0417    .0743    .1304    .0582    .0027    .0447
    .0663    .0160    .0066    .0676    .0884    .0331   -.0221   -.0359
   -.0204    .0012   -.0160   -.0650   -.0417    .0743    .1304    .0582
    .0027    .0447    .0663    .0160    .0066    .0676    .0884    .0331
   -.0221   -.0359   -.0204    .0012   -.0160   -.0650   -.0417    .0743
    .1304    .0582    .0027    .0447    .0663    .0160    .0066    .0676
    .0884    .0331   -.0221   -.0359   -.0204    .0012   -.0160   -.0650
   -.0417    .0743    .1304    .0582    .0027    .0447    .0663    .0160
    .0066    .0676    .0884    .0331   -.0221   -.0359   -.0204    .0012
   -.0160
   -.0751   -.0789   -.0015    .0806    .0631    .0142    .0582    .1232
    .0750   -.0137   -.0034    .0516    .0331   -.0225   -.0301   -.0075
   -.0059   -.0336   -.0751   -.0789   -.0015    .0806    .0631    .0142
    .0582    .1232    .0750   -.0137   -.0034    .0516    .0331   -.0225
   -.0301   -.0075   -.0059   -.0336   -.0751   -.0789   -.0015    .0806
    .0631    .0142    .0582    .1232    .0750   -.0137   -.0034    .0516
    .0331   -.0225   -.0301   -.0075   -.0059   -.0336   -.0751   -.0789
   -.0015    .0806    .0631    .0142    .0582    .1232    .0750   -.0137
   -.0034    .0516    .0331   -.0225   -.0301   -.0075   -.0059   -.0336
   -.0751
   -.0658   -.0358    .0271    .0573    .0397    .0631    .1304    .1090
   -.0115   -.0678   -.0149    .0142   -.0221   -.0301    .0037    .0054
   -.0305   -.0592   -.0658   -.0358    .0271    .0573    .0397    .0631
    .1304    .1090   -.0115   -.0678   -.0149    .0142   -.0221   -.0301
    .0037    .0054   -.0305   -.0592   -.0658   -.0358    .0271    .0573
    .0397    .0631    .1304    .1090   -.0115   -.0678   -.0149    .0142
   -.0221   -.0301    .0037    .0054   -.0305   -.0592   -.0658   -.0358
    .0271    .0573    .0397    .0631    .1304    .1090   -.0115   -.0678
   -.0149    .0142   -.0221   -.0301    .0037    .0054   -.0305   -.0592
   -.0658
    .0075    .0224    .0504    .0588    .0573    .0806    .0743   -.0102
   -.0766   -.0403    .0095   -.0124   -.0359   -.0075    .0054   -.0235
   -.0308   -.0067    .0075    .0224    .0504    .0588    .0573    .0806
    .0743   -.0102   -.0766   -.0403    .0095   -.0124   -.0359   -.0075
    .0054   -.0235   -.0308   -.0067    .0075    .0224    .0504    .0588
    .0573    .0806    .0743   -.0102   -.0766   -.0403    .0095   -.0124
   -.0359   -.0075    .0054   -.0235   -.0308   -.0067    .0075    .0224
    .0504    .0588    .0573    .0806    .0743   -.0102   -.0766   -.0403
    .0095   -.0124   -.0359   -.0075    .0054   -.0235   -.0308   -.0067
    .0075
    .0569    .0458    .0557    .0504    .0271   -.0015   -.0417   -.0613
   -.0187    .0309    .0120   -.0289   -.0204   -.0059   -.0305   -.0308
    .0276    .0693    .0569    .0458    .0557    .0504    .0271   -.0015
   -.0417   -.0613   -.0187    .0309    .0120   -.0289   -.0204   -.0059
   -.0305   -.0308    .0276    .0693    .0569    .0458    .0557    .0504
    .0271   -.0015   -.0417   -.0613   -.0187    .0309    .0120   -.0289
   -.0204   -.0059   -.0305   -.0308    .0276    .0693    .0569    .0458
    .0557    .0504    .0271   -.0015   -.0417   -.0613   -.0187    .0309
    .0120   -.0289   -.0204   -.0059   -.0305   -.0308    .0276    .0693
    .0569
    .0425    .0347    .0458    .0224   -.0358   -.0789   -.0650   -.0018
    .0468    .0315   -.0069   -.0069    .0012   -.0336   -.0592   -.0067
    .0693    .0781    .0425    .0347    .0458    .0224   -.0358   -.0789
   -.0650   -.0018    .0468    .0315   -.0069   -.0069    .0012   -.0336
   -.0592   -.0067    .0693    .0781    .0425    .0347    .0458    .0224
   -.0358   -.0789   -.0650   -.0018    .0468    .0315   -.0069   -.0069
    .0012   -.0336   -.0592   -.0067    .0693    .0781    .0425    .0347
    .0458    .0224   -.0358   -.0789   -.0650   -.0018    .0468    .0315
   -.0069   -.0069    .0012   -.0336   -.0592   -.0067    .0693    .0781
    .0425
    .0220    .0425    .0569    .0075   -.0658   -.0751   -.0160    .0304
    .0220    .0059    .0220    .0304   -.0160   -.0751   -.0658    .0075
    .0569    .0425    .0220    .0425    .0569    .0075   -.0658   -.0751
   -.0160    .0304    .0220    .0059    .0220    .0304   -.0160   -.0751
   -.0658    .0075    .0569    .0425    .0220    .0425    .0569    .0075
   -.0658   -.0751   -.0160    .0304    .0220    .0059    .0220    .0304
   -.0160   -.0751   -.0658    .0075    .0569    .0425    .0220    .0425
    .0569    .0075   -.0658   -.0751   -.0160    .0304    .0220    .0059
    .0220    .0304   -.0160   -.0751   -.0658    .0075    .0569    .0425
    .0220
    .0425    .0781    .0693   -.0067   -.0592   -.0336    .0012   -.0069
   -.0069    .0315    .0468   -.0018   -.0650   -.0789   -.0358    .0224
    .0458    .0347    .0425    .0781    .0693   -.0067   -.0592   -.0336
    .0012   -.0069   -.0069    .0315    .0468   -.0018   -.0650   -.0789
   -.0358    .0224    .0458    .0347    .0425    .0781    .0693   -.0067
   -.0592   -.0336    .0012   -.0069   -.0069    .0315    .0468   -.0018
   -.0650   -.0789   -.0358    .0224    .0458    .0347    .0425    .0781
    .0693   -.0067   -.0592   -.0336    .0012   -.0069   -.0069    .0315
    .0468   -.0018   -.0650   -.0789   -.0358    .0224    .0458    .0347
    .0425
    .0569    .0693    .0276   -.0308   -.0305   -.0059   -.0204   -.0289
    .0120    .0309   -.0187   -.0613   -.0417   -.0015    .0271    .0504
    .0557    .0458    .0569    .0693    .0276   -.0308   -.0305   -.0059
   -.0204   -.0289    .0120    .0309   -.0187   -.0613   -.0417   -.0015
    .0271    .0504    .0557    .0458    .0569    .0693    .0276   -.0308
   -.0305   -.0059   -.0204   -.0289    .0120    .0309   -.0187   -.0613
   -.0417   -.0015    .0271    .0504    .0557    .0458    .0569    .0693
    .0276   -.0308   -.0305   -.0059   -.0204   -.0289    .0120    .0309
   -.0187   -.0613   -.0417   -.0015    .0271    .0504    .0557    .0458
    .0569
    .0075   -.0067   -.0308   -.0235    .0054   -.0075   -.0359   -.0124
    .0095   -.0403   -.0766   -.0102    .0743    .0806    .0573    .0588
    .0504    .0224    .0075   -.0067   -.0308   -.0235    .0054   -.0075
   -.0359   -.0124    .0095   -.0403   -.0766   -.0102    .0743    .0806
    .0573    .0588    .0504    .0224    .0075   -.0067   -.0308   -.0235
    .0054   -.0075   -.0359   -.0124    .0095   -.0403   -.0766   -.0102
    .0743    .0806    .0573    .0588    .0504    .0224    .0075   -.0067
   -.0308   -.0235    .0054   -.0075   -.0359   -.0124    .0095   -.0403
   -.0766   -.0102    .0743    .0806    .0573    .0588    .0504    .0224
    .0075
   -.0658   -.0592   -.0305    .0054    .0037   -.0301   -.0221    .0142
   -.0149   -.0678   -.0115    .1090    .1304    .0631    .0397    .0573
    .0271   -.0358   -.0658   -.0592   -.0305    .0054    .0037   -.0301
   -.0221    .0142   -.0149   -.0678   -.0115    .1090    .1304    .0631
    .0397    .0573    .0271   -.0358   -.0658   -.0592   -.0305    .0054
    .0037   -.0301   -.0221    .0142   -.0149   -.0678   -.0115    .1090
    .1304    .0631    .0397    .0573    .0271   -.0358   -.0658   -.0592
   -.0305    .0054    .0037   -.0301   -.0221    .0142   -.0149   -.0678
   -.0115    .1090    .1304    .0631    .0397    .0573    .0271   -.0358
   -.0658
   -.0751   -.0336   -.0059   -.0075   -.0301   -.0225    .0331    .0516
   -.0034   -.0137    .0750    .1232    .0582    .0142    .0631    .0806
   -.0015   -.0789   -.0751   -.0336   -.0059   -.0075   -.0301   -.0225
    .0331    .0516   -.0034   -.0137    .0750    .1232    .0582    .0142
    .0631    .0806   -.0015   -.0789   -.0751   -.0336   -.0059   -.0075
   -.0301   -.0225    .0331    .0516   -.0034   -.0137    .0750    .1232
    .0582    .0142    .0631    .0806   -.0015   -.0789   -.0751   -.0336
   -.0059   -.0075   -.0301   -.0225    .0331    .0516   -.0034   -.0137
    .0750    .1232    .0582    .0142    .0631    .0806   -.0015   -.0789
   -.0751
   -.0160    .0012   -.0204   -.0359   -.0221    .0331    .0884    .0676
    .0066    .0160    .0663    .0447    .0027    .0582    .1304    .0743
   -.0417   -.0650   -.0160    .0012   -.0204   -.0359   -.0221    .0331
    .0884    .0676    .0066    .0160    .0663    .0447    .0027    .0582
    .1304    .0743   -.0417   -.0650   -.0160    .0012   -.0204   -.0359
   -.0221    .0331    .0884    .0676    .0066    .0160    .0663    .0447
    .0027    .0582    .1304    .0743   -.0417   -.0650   -.0160    .0012
   -.0204   -.0359   -.0221    .0331    .0884    .0676    .0066    .0160
    .0663    .0447    .0027    .0582    .1304    .0743   -.0417   -.0650
   -.0160
    .0304   -.0069   -.0289   -.0124    .0142    .0516    .0676    .0216
   -.0205    .0086    .0378    .0193    .0447    .1232    .1090   -.0102
   -.0613   -.0018    .0304   -.0069   -.0289   -.0124    .0142    .0516
    .0676    .0216   -.0205    .0086    .0378    .0193    .0447    .1232
    .1090   -.0102   -.0613   -.0018    .0304   -.0069   -.0289   -.0124
    .0142    .0516    .0676    .0216   -.0205    .0086    .0378    .0193
    .0447    .1232    .1090   -.0102   -.0613   -.0018    .0304   -.0069
   -.0289   -.0124    .0142    .0516    .0676    .0216   -.0205    .0086
    .0378    .0193    .0447    .1232    .1090   -.0102   -.0613   -.0018
    .0304
    .0220   -.0069    .0120    .0095   -.0149   -.0034    .0066   -.0205
   -.0138    .0401    .0539    .0378    .0663    .0750   -.0115   -.0766
   -.0187    .0468    .0220   -.0069    .0120    .0095   -.0149   -.0034
    .0066   -.0205   -.0138    .0401    .0539    .0378    .0663    .0750
   -.0115   -.0766   -.0187    .0468    .0220   -.0069    .0120    .0095
   -.0149   -.0034    .0066   -.0205   -.0138    .0401    .0539    .0378
    .0663    .0750   -.0115   -.0766   -.0187    .0468    .0220   -.0069
    .0120    .0095   -.0149   -.0034    .0066   -.0205   -.0138    .0401
    .0539    .0378    .0663    .0750   -.0115   -.0766   -.0187    .0468
    .0220
    .0059    .0315    .0309   -.0403   -.0678   -.0137    .0160    .0086
    .0401    .0723    .0401    .0086    .0160   -.0137   -.0678   -.0403
    .0309    .0315    .0059    .0315    .0309   -.0403   -.0678   -.0137
    .0160    .0086    .0401    .0723    .0401    .0086    .0160   -.0137
   -.0678   -.0403    .0309    .0315    .0059    .0315    .0309   -.0403
   -.0678   -.0137    .0160    .0086    .0401    .0723    .0401    .0086
    .0160   -.0137   -.0678   -.0403    .0309    .0315    .0059    .0315
    .0309   -.0403   -.0678   -.0137    .0160    .0086    .0401    .0723
    .0401    .0086    .0160   -.0137   -.0678   -.0403    .0309    .0315
    .0059
   -.0685    .0059    .0735   -.0083   -.0990   -.0965   -.0910   -.0809
    .0119    .0818    .0119   -.0809   -.0910   -.0965   -.0990   -.0083
    .0735    .0059   -.0685    .0059    .0735   -.0083   -.0990   -.0965
   -.0910   -.0809    .0119    .0818    .0119   -.0809   -.0910   -.0965
   -.0990   -.0083    .0735    .0059   -.0685    .0059    .0735   -.0083
   -.0990   -.0965   -.0910   -.0809    .0119    .0818    .0119   -.0809
   -.0910   -.0965   -.0990   -.0083    .0735    .0059   -.0685    .0059
    .0735   -.0083   -.0990   -.0965   -.0910   -.0809    .0119    .0818
    .0119   -.0809   -.0910   -.0965   -.0990   -.0083    .0735    .0059
   -.0685
   -.0423    .0574    .0408   -.0403   -.0574   -.0597   -.0828   -.0391
    .0376    .0119   -.0703   -.0792   -.0556   -.0566   -.0082    .0649
    .0219   -.0755   -.0423    .0574    .0408   -.0403   -.0574   -.0597
   -.0828   -.0391    .0376    .0119   -.0703   -.0792   -.0556   -.0566
   -.0082    .0649    .0219   -.0755   -.0423    .0574    .0408   -.0403
   -.0574   -.0597   -.0828   -.0391    .0376    .0119   -.0703   -.0792
   -.0556   -.0566   -.0082    .0649    .0219   -.0755   -.0423    .0574
    .0408   -.0403   -.0574   -.0597   -.0828   -.0391    .0376    .0119
   -.0703   -.0792   -.0556   -.0566   -.0082    .0649    .0219   -.0755
   -.0423
    .0062    .0595    .0386    .0197    .0003   -.0535   -.0792   -.0458
   -.0391   -.0809   -.0792   -.0196    .0257    .0514    .0677    .0180
   -.0767   -.0845    .0062    .0595    .0386    .0197    .0003   -.0535
   -.0792   -.0458   -.0391   -.0809   -.0792   -.0196    .0257    .0514
    .0677    .0180   -.0767   -.0845    .0062    .0595    .0386    .0197
    .0003   -.0535   -.0792   -.0458   -.0391   -.0809   -.0792   -.0196
    .0257    .0514    .0677    .0180   -.0767   -.0845    .0062    .0595
    .0386    .0197    .0003   -.0535   -.0792   -.0458   -.0391   -.0809
   -.0792   -.0196    .0257    .0514    .0677    .0180   -.0767   -.0845
    .0062
    .0241    .0456    .0381    .0110   -.0332   -.0760   -.0885   -.0792
   -.0828   -.0910   -.0556    .0257    .0892    .0816    .0165   -.0478
   -.0621   -.0243    .0241    .0456    .0381    .0110   -.0332   -.0760
   -.0885   -.0792   -.0828   -.0910   -.0556    .0257    .0892    .0816
    .0165   -.0478   -.0621   -.0243    .0241    .0456    .0381    .0110
   -.0332   -.0760   -.0885   -.0792   -.0828   -.0910   -.0556    .0257
    .0892    .0816    .0165   -.0478   -.0621   -.0243    .0241    .0456
    .0381    .0110   -.0332   -.0760   -.0885   -.0792   -.0828   -.0910
   -.0556    .0257    .0892    .0816    .0165   -.0478   -.0621   -.0243
    .0241
    .0007   -.0030   -.0356   -.0487   -.0440   -.0637   -.0760   -.0535
   -.0597   -.0965   -.0566    .0514    .0816    .0178   -.0109    .0164
    .0168   -.0040    .0007   -.0030   -.0356   -.0487   -.0440   -.0637
   -.0760   -.0535   -.0597   -.0965   -.0566    .0514    .0816    .0178
   -.0109    .0164    .0168   -.0040    .0007   -.0030   -.0356   -.0487
   -.0440   -.0637   -.0760   -.0535   -.0597   -.0965   -.0566    .0514
    .0816    .0178   -.0109    .0164    .0168   -.0040    .0007   -.0030
   -.0356   -.0487   -.0440   -.0637   -.0760   -.0535   -.0597   -.0965
   -.0566    .0514    .0816    .0178   -.0109    .0164    .0168   -.0040
    .0007
   -.0280   -.0646   -.0652   -.0007    .0086   -.0440   -.0332    .0003
   -.0574   -.0990   -.0082    .0677    .0165   -.0109    .0614    .0832
    .0135   -.0239   -.0280   -.0646   -.0652   -.0007    .0086   -.0440
   -.0332    .0003   -.0574   -.0990   -.0082    .0677    .0165   -.0109
    .0614    .0832    .0135   -.0239   -.0280   -.0646   -.0652   -.0007
    .0086   -.0440   -.0332    .0003   -.0574   -.0990   -.0082    .0677
    .0165   -.0109    .0614    .0832    .0135   -.0239   -.0280   -.0646
   -.0652   -.0007    .0086   -.0440   -.0332    .0003   -.0574   -.0990
   -.0082    .0677    .0165   -.0109    .0614    .0832    .0135   -.0239
   -.0280
   -.0381   -.0578    .0229    .0760   -.0007   -.0487    .0110    .0197
   -.0403   -.0083    .0649    .0180   -.0478    .0164    .0832    .0325
   -.0172   -.0098   -.0381   -.0578    .0229    .0760   -.0007   -.0487
    .0110    .0197   -.0403   -.0083    .0649    .0180   -.0478    .0164
    .0832    .0325   -.0172   -.0098   -.0381   -.0578    .0229    .0760
   -.0007   -.0487    .0110    .0197   -.0403   -.0083    .0649    .0180
   -.0478    .0164    .0832    .0325   -.0172   -.0098   -.0381   -.0578
    .0229    .0760   -.0007   -.0487    .0110    .0197   -.0403   -.0083
    .0649    .0180   -.0478    .0164    .0832    .0325   -.0172   -.0098
   -.0381
   -.0466   -.0107    .0653    .0229   -.0652   -.0356    .0381    .0386
    .0408    .0735    .0219   -.0767   -.0621    .0168    .0135   -.0172
    .0071    .0013   -.0466   -.0107    .0653    .0229   -.0652   -.0356
    .0381    .0386    .0408    .0735    .0219   -.0767   -.0621    .0168
    .0135   -.0172    .0071    .0013   -.0466   -.0107    .0653    .0229
   -.0652   -.0356    .0381    .0386    .0408    .0735    .0219   -.0767
   -.0621    .0168    .0135   -.0172    .0071    .0013   -.0466   -.0107
    .0653    .0229   -.0652   -.0356    .0381    .0386    .0408    .0735
    .0219   -.0767   -.0621    .0168    .0135   -.0172    .0071    .0013
   -.0466
   -.0685   -.0255   -.0107   -.0578   -.0646   -.0030    .0456    .0595
    .0574    .0059   -.0755   -.0845   -.0243   -.0040   -.0239   -.0098
    .0013   -.0441   -.0685   -.0255   -.0107   -.0578   -.0646   -.0030
    .0456    .0595    .0574    .0059   -.0755   -.0845   -.0243   -.0039
   -.0239   -.0098    .0013   -.0441   -.0685   -.0255   -.0107   -.0578
   -.0646   -.0030    .0456    .0595    .0574    .0059   -.0755   -.0845
   -.0243   -.0040   -.0239   -.0098    .0013   -.0441   -.0685   -.0255
   -.0107   -.0578   -.0646   -.0030    .0456    .0595    .0574    .0059
   -.0755   -.0845   -.0243   -.0039   -.0239   -.0098    .0013   -.0441
   -.0685
   -.0822   -.0685   -.0466   -.0381   -.0280    .0007    .0241    .0062
   -.0423   -.0685   -.0423    .0062    .0241    .0007   -.0280   -.0381
   -.0466   -.0685   -.0822   -.0685   -.0466   -.0381   -.0280    .0007
    .0241    .0062   -.0423   -.0685   -.0423    .0062    .0241    .0007
   -.0280   -.0381   -.0466   -.0685   -.0822   -.0685   -.0466   -.0381
   -.0280    .0007    .0241    .0062   -.0423   -.0685   -.0423    .0062
    .0241    .0007   -.0280   -.0381   -.0466   -.0685   -.0822   -.0685
   -.0466   -.0381   -.0280    .0007    .0241    .0062   -.0423   -.0685
   -.0423    .0062    .0241    .0007   -.0280   -.0381   -.0466   -.0685
   -.0822
   -.0685   -.0441    .0013   -.0098   -.0239   -.0040   -.0243   -.0845
   -.0755    .0059    .0574    .0595    .0456   -.0030   -.0646   -.0578
   -.0107   -.0255   -.0685   -.0441    .0013   -.0098   -.0239   -.0040
   -.0243   -.0845   -.0755    .0059    .0574    .0595    .0456   -.0030
   -.0646   -.0578   -.0107   -.0255   -.0685   -.0441    .0013   -.0098
   -.0239   -.0040   -.0243   -.0845   -.0755    .0059    .0574    .0595
    .0456   -.0030   -.0646   -.0578   -.0107   -.0255   -.0685   -.0441
    .0013   -.0098   -.0239   -.0040   -.0243   -.0845   -.0755    .0059
    .0574    .0595    .0456   -.0030   -.0646   -.0578   -.0107   -.0255
   -.0685
   -.0466    .0013    .0071   -.0172    .0135    .0168   -.0621   -.0767
    .0219    .0735    .0408    .0386    .0381   -.0356   -.0652    .0229
    .0653   -.0107   -.0466    .0013    .0071   -.0172    .0135    .0168
   -.0621   -.0767    .0219    .0735    .0408    .0386    .0381   -.0356
   -.0652    .0229    .0653   -.0107   -.0466    .0013    .0071   -.0172
    .0135    .0168   -.0621   -.0767    .0219    .0735    .0408    .0386
    .0381   -.0356   -.0652    .0229    .0653   -.0107   -.0466    .0013
    .0071   -.0172    .0135    .0168   -.0621   -.0767    .0219    .0735
    .0408    .0386    .0381   -.0356   -.0652    .0229    .0653   -.0107
   -.0466
   -.0381   -.0098   -.0172    .0325    .0832    .0164   -.0478    .0180
    .0649   -.0083   -.0403    .0197    .0110   -.0487   -.0007    .0760
    .0229   -.0578   -.0381   -.0098   -.0172    .0325    .0832    .0164
   -.0478    .0180    .0649   -.0083   -.0403    .0197    .0110   -.0487
   -.0007    .0760    .0229   -.0578   -.0381   -.0098   -.0172    .0325
    .0832    .0164   -.0478    .0180    .0649   -.0083   -.0403    .0197
    .0110   -.0487   -.0007    .0760    .0229   -.0578   -.0381   -.0098
   -.0172    .0325    .0832    .0164   -.0478    .0180    .0649   -.0083
   -.0403    .0197    .0110   -.0487   -.0007    .0760    .0229   -.0578
   -.0381
   -.0280   -.0239    .0135    .0832    .0614   -.0109    .0165    .0677
   -.0082   -.0990   -.0574    .0003   -.0332   -.0440    .0086   -.0007
   -.0652   -.0646   -.0280   -.0239    .0135    .0832    .0614   -.0109
    .0165    .0677   -.0082   -.0990   -.0574    .0003   -.0332   -.0440
    .0086   -.0007   -.0652   -.0646   -.0280   -.0239    .0135    .0832
    .0614   -.0109    .0165    .0677   -.0082   -.0990   -.0574    .0003
   -.0332   -.0440    .0086   -.0007   -.0652   -.0646   -.0280   -.0239
    .0135    .0832    .0614   -.0109    .0165    .0677   -.0082   -.0990
   -.0574    .0003   -.0332   -.0440    .0086   -.0007   -.0652   -.0646
   -.0280
    .0007   -.0040    .0168    .0164   -.0109    .0178    .0816    .0514
   -.0566   -.0965   -.0597   -.0535   -.0760   -.0637   -.0440   -.0487
   -.0356   -.0030    .0007   -.0040    .0168    .0164   -.0109    .0178
    .0816    .0514   -.0566   -.0965   -.0597   -.0535   -.0760   -.0637
   -.0440   -.0487   -.0356   -.0030    .0007   -.0040    .0168    .0164
   -.0109    .0178    .0816    .0514   -.0566   -.0965   -.0597   -.0535
   -.0760   -.0637   -.0440   -.0487   -.0356   -.0030    .0007   -.0040
    .0168    .0164   -.0109    .0178    .0816    .0514   -.0566   -.0965
   -.0597   -.0535   -.0760   -.0637   -.0440   -.0487   -.0356   -.0030
    .0007
    .0241   -.0243   -.0621   -.0478    .0165    .0816    .0892    .0257
   -.0556   -.0910   -.0828   -.0792   -.0885   -.0760   -.0332    .0110
    .0381    .0456    .0241   -.0243   -.0621   -.0478    .0165    .0816
    .0892    .0257   -.0556   -.0910   -.0828   -.0792   -.0885   -.0760
   -.0332    .0110    .0381    .0456    .0241   -.0243   -.0621   -.0478
    .0165    .0816    .0892    .0257   -.0556   -.0910   -.0828   -.0792
   -.0885   -.0760   -.0332    .0110    .0381    .0456    .0241   -.0243
   -.0621   -.0478    .0165    .0816    .0892    .0257   -.0556   -.0910
   -.0828   -.0792   -.0885   -.0760   -.0332    .0110    .0381    .0456
    .0241
    .0062   -.0845   -.0767    .0180    .0677    .0514    .0257   -.0196
   -.0792   -.0809   -.0391   -.0458   -.0792   -.0535    .0003    .0197
    .0386    .0595    .0062   -.0845   -.0767    .0180    .0677    .0514
    .0257   -.0196   -.0792   -.0809   -.0391   -.0458   -.0792   -.0535
    .0003    .0197    .0386    .0595    .0062   -.0845   -.0767    .0180
    .0677    .0514    .0257   -.0196   -.0792   -.0809   -.0391   -.0458
   -.0792   -.0535    .0003    .0197    .0386    .0595    .0062   -.0845
   -.0767    .0180    .0677    .0514    .0257   -.0196   -.0792   -.0809
   -.0391   -.0458   -.0792   -.0535    .0003    .0197    .0386    .0595
    .0062
   -.0423   -.0755    .0219    .0649   -.0082   -.0566   -.0556   -.0792
   -.0703    .0119    .0376   -.0391   -.0828   -.0597   -.0574   -.0403
    .0408    .0574   -.0423   -.0755    .0219    .0649   -.0082   -.0566
   -.0556   -.0792   -.0703    .0119    .0376   -.0391   -.0828   -.0597
   -.0574   -.0403    .0408    .0574   -.0423   -.0755    .0219    .0649
   -.0082   -.0566   -.0556   -.0792   -.0703    .0119    .0376   -.0391
   -.0828   -.0597   -.0574   -.0403    .0408    .0574   -.0423   -.0755
    .0219    .0649   -.0082   -.0566   -.0556   -.0792   -.0703    .0119
    .0376   -.0391   -.0828   -.0597   -.0574   -.0403    .0408    .0574
   -.0423
   -.0685    .0059    .0735   -.0083   -.0990   -.0965   -.0910   -.0809
    .0119    .0818    .0119   -.0809   -.0910   -.0965   -.0990   -.0083
    .0735    .0059   -.0685    .0059    .0735   -.0083   -.0990   -.0965
   -.0910   -.0809    .0119    .0818    .0119   -.0809   -.0910   -.0965
   -.0990   -.0083    .0735    .0059   -.0685    .0059    .0735   -.0083
   -.0990   -.0965   -.0910   -.0809    .0119    .0818    .0119   -.0809
   -.0910   -.0965   -.0990   -.0083    .0735    .0059   -.0685    .0059
    .0735   -.0083   -.0990   -.0965   -.0910   -.0809    .0119    .0818
    .0119   -.0809   -.0910   -.0965   -.0990   -.0083    .0735    .0059
   -.0685
    .0059    .0315    .0309   -.0403   -.0678   -.0137    .0160    .0086
    .0401    .0723    .0401    .0086    .0160   -.0137   -.0678   -.0403
    .0309    .0315    .0059    .0315    .0309   -.0403   -.0678   -.0137
    .0160    .0086    .0401    .0723    .0401    .0086    .0160   -.0137
   -.0678   -.0403    .0309    .0315    .0059    .0315    .0309   -.0403
   -.0678   -.0137    .0160    .0086    .0401    .0723    .0401    .0086
    .0160   -.0137   -.0678   -.0403    .0309    .0315    .0059    .0315
    .0309   -.0403   -.0678   -.0137    .0160    .0086    .0401    .0723
    .0401    .0086    .0160   -.0137   -.0678   -.0403    .0309    .0315
    .0059
   -.0112    .0148    .0071   -.0002    .0130   -.0069   -.0342    .0027
    .0500    .0401    .0427    .0841    .0528   -.0487   -.0619    .0202
    .0430   -.0049   -.0112    .0148    .0071   -.0002    .0130   -.0069
   -.0342    .0027    .0500    .0401    .0427    .0841    .0528   -.0487
   -.0619    .0202    .0430   -.0049   -.0112    .0148    .0071   -.0002
    .0130   -.0069   -.0342    .0027    .0500    .0401    .0427    .0841
    .0528   -.0487   -.0619    .0202    .0430   -.0049   -.0112    .0148
    .0071   -.0002    .0130   -.0069   -.0342    .0027    .0500    .0401
    .0427    .0841    .0528   -.0487   -.0619    .0202    .0430   -.0049
   -.0112
   -.0234    .0312    .0785    .0830    .0208   -.0371   -.0155    .0211
    .0027    .0086    .0841    .1045    .0127   -.0504   -.0099    .0213
   -.0200   -.0519   -.0234    .0312    .0785    .0830    .0208   -.0371
   -.0155    .0211    .0027    .0086    .0841    .1045    .0128   -.0504
   -.0099    .0213   -.0200   -.0519   -.0234    .0312    .0785    .0830
    .0208   -.0371   -.0155    .0211    .0027    .0086    .0841    .1045
    .0127   -.0504   -.0099    .0213   -.0200   -.0519   -.0234    .0312
    .0785    .0830    .0208   -.0371   -.0155    .0211    .0027    .0086
    .0841    .1045    .0128   -.0504   -.0099    .0213   -.0200   -.0519
   -.0234
    .0098    .0925    .1010    .0101   -.0577   -.0257    .0134   -.0155
   -.0342    .0160    .0528    .0127   -.0395   -.0383   -.0117   -.0098
   -.0340   -.0423    .0098    .0925    .1010    .0101   -.0577   -.0257
    .0134   -.0155   -.0342    .0160    .0528    .0127   -.0395   -.0383
   -.0117   -.0098   -.0340   -.0423    .0098    .0925    .1010    .0101
   -.0577   -.0257    .0134   -.0155   -.0342    .0160    .0528    .0127
   -.0395   -.0383   -.0117   -.0098   -.0340   -.0423    .0098    .0925
    .1010    .0101   -.0577   -.0257    .0134   -.0155   -.0342    .0160
    .0528    .0127   -.0395   -.0383   -.0117   -.0098   -.0340   -.0423
    .0098
    .0528    .0779   -.0240   -.1014   -.0515    .0001   -.0257   -.0371
   -.0069   -.0137   -.0487   -.0504   -.0383   -.0270    .0164    .0471
    .0071   -.0144    .0528    .0779   -.0240   -.1014   -.0515    .0001
   -.0257   -.0371   -.0069   -.0137   -.0487   -.0504   -.0383   -.0270
    .0164    .0471    .0071   -.0144    .0528    .0779   -.0240   -.1014
   -.0515    .0001   -.0257   -.0371   -.0069   -.0137   -.0487   -.0504
   -.0383   -.0270    .0164    .0471    .0071   -.0144    .0528    .0779
   -.0240   -.1014   -.0515    .0001   -.0257   -.0371   -.0069   -.0137
   -.0487   -.0504   -.0383   -.0270    .0164    .0471    .0071   -.0144
    .0528
    .0586   -.0074   -.0834   -.0325    .0086   -.0515   -.0577    .0208
    .0130   -.0678   -.0619   -.0099   -.0117    .0164    .0969    .0827
   -.0049    .0066    .0586   -.0074   -.0834   -.0325    .0086   -.0515
   -.0577    .0208    .0130   -.0678   -.0619   -.0099   -.0117    .0164
    .0969    .0827   -.0049    .0066    .0586   -.0074   -.0834   -.0325
    .0086   -.0515   -.0577    .0208    .0130   -.0678   -.0619   -.0099
   -.0117    .0164    .0969    .0827   -.0049    .0066    .0586   -.0074
   -.0834   -.0325    .0086   -.0515   -.0577    .0208    .0130   -.0678
   -.0619   -.0099   -.0117    .0164    .0969    .0827   -.0049    .0066
    .0586
    .0296   -.0231    .0317    .0760   -.0325   -.1014    .0101    .0830
   -.0002   -.0403    .0202    .0213   -.0098    .0471    .0827    .0087
   -.0204    .0401    .0296   -.0231    .0317    .0760   -.0325   -.1014
    .0101    .0830   -.0002   -.0403    .0202    .0213   -.0098    .0471
    .0827    .0087   -.0204    .0401    .0296   -.0231    .0317    .0760
   -.0325   -.1014    .0101    .0830   -.0002   -.0403    .0202    .0213
   -.0098    .0471    .0827    .0087   -.0204    .0401    .0296   -.0231
    .0317    .0760   -.0325   -.1014    .0101    .0830   -.0002   -.0403
    .0202    .0213   -.0098    .0471    .0827    .0087   -.0204    .0401
    .0296
   -.0183    .0172    .0973    .0317   -.0834   -.0240    .1010    .0785
    .0071    .0309    .0430   -.0200   -.0340    .0071   -.0049   -.0204
    .0285    .0353   -.0183    .0172    .0973    .0317   -.0834   -.0240
    .1010    .0785    .0071    .0309    .0430   -.0200   -.0340    .0071
   -.0049   -.0204    .0285    .0353   -.0183    .0172    .0973    .0317
   -.0834   -.0240    .1010    .0785    .0071    .0309    .0430   -.0200
   -.0340    .0071   -.0049   -.0204    .0285    .0353   -.0183    .0172
    .0973    .0317   -.0834   -.0240    .1010    .0785    .0071    .0309
    .0430   -.0200   -.0340    .0071   -.0049   -.0204    .0285    .0353
   -.0183
   -.0725   -.0135    .0172   -.0231   -.0074    .0779    .0925    .0312
    .0148    .0315   -.0049   -.0519   -.0423   -.0144    .0066    .0401
    .0353   -.0384   -.0725   -.0135    .0172   -.0231   -.0074    .0779
    .0925    .0312    .0148    .0315   -.0049   -.0519   -.0423   -.0144
    .0066    .0401    .0353   -.0384   -.0725   -.0135    .0172   -.0231
   -.0074    .0779    .0925    .0312    .0148    .0315   -.0049   -.0519
   -.0423   -.0144    .0066    .0401    .0353   -.0384   -.0725   -.0135
    .0172   -.0231   -.0074    .0779    .0925    .0312    .0148    .0315
   -.0049   -.0519   -.0423   -.0144    .0066    .0401    .0353   -.0384
   -.0725
   -.0987   -.0725   -.0183    .0296    .0586    .0528    .0098   -.0234
   -.0112    .0059   -.0112   -.0234    .0098    .0528    .0586    .0296
   -.0183   -.0725   -.0987   -.0725   -.0183    .0296    .0586    .0528
    .0098   -.0234   -.0112    .0059   -.0112   -.0234    .0098    .0528
    .0586    .0296   -.0183   -.0725   -.0987   -.0725   -.0183    .0296
    .0586    .0528    .0098   -.0234   -.0112    .0059   -.0112   -.0234
    .0098    .0528    .0586    .0296   -.0183   -.0725   -.0987   -.0725
   -.0183    .0296    .0586    .0528    .0098   -.0234   -.0112    .0059
   -.0112   -.0234    .0098    .0528    .0586    .0296   -.0183   -.0725
   -.0987
   -.0725   -.0384    .0353    .0401    .0066   -.0144   -.0423   -.0519
   -.0049    .0315    .0148    .0312    .0925    .0779   -.0074   -.0231
    .0172   -.0135   -.0725   -.0384    .0353    .0401    .0066   -.0144
   -.0423   -.0519   -.0049    .0315    .0148    .0312    .0925    .0779
   -.0074   -.0231    .0172   -.0134   -.0725   -.0384    .0353    .0401
    .0066   -.0144   -.0423   -.0519   -.0049    .0315    .0148    .0312
    .0925    .0779   -.0074   -.0231    .0172   -.0135   -.0725   -.0384
    .0353    .0401    .0066   -.0144   -.0423   -.0519   -.0049    .0315
    .0148    .0312    .0925    .0779   -.0074   -.0231    .0172   -.0134
   -.0725
   -.0183    .0353    .0285   -.0204   -.0049    .0071   -.0340   -.0200
    .0430    .0309    .0071    .0785    .1010   -.0240   -.0834    .0317
    .0973    .0172   -.0183    .0353    .0285   -.0204   -.0049    .0071
   -.0340   -.0200    .0430    .0309    .0071    .0785    .1010   -.0240
   -.0834    .0317    .0973    .0172   -.0183    .0353    .0285   -.0204
   -.0049    .0071   -.0340   -.0200    .0430    .0309    .0071    .0785
    .1010   -.0240   -.0834    .0317    .0973    .0172   -.0183    .0353
    .0285   -.0204   -.0049    .0071   -.0340   -.0200    .0430    .0309
    .0071    .0785    .1010   -.0240   -.0834    .0317    .0973    .0172
   -.0183
    .0296    .0401   -.0204    .0087    .0827    .0471   -.0098    .0213
    .0202   -.0403   -.0002    .0830    .0101   -.1014   -.0325    .0760
    .0317   -.0231    .0296    .0401   -.0204    .0086    .0827    .0471
   -.0098    .0213    .0202   -.0403   -.0002    .0830    .0101   -.1014
   -.0325    .0760    .0317   -.0231    .0296    .0401   -.0204    .0087
    .0827    .0471   -.0098    .0213    .0202   -.0403   -.0002    .0830
    .0101   -.1014   -.0325    .0760    .0317   -.0231    .0296    .0401
   -.0204    .0086    .0827    .0471   -.0098    .0213    .0202   -.0403
   -.0002    .0830    .0101   -.1014   -.0325    .0760    .0317   -.0231
    .0296
    .0586    .0066   -.0049    .0827    .0969    .0164   -.0117   -.0099
   -.0619   -.0678    .0130    .0208   -.0577   -.0515    .0086   -.0325
   -.0834   -.0074    .0586    .0066   -.0049    .0827    .0969    .0164
   -.0117   -.0099   -.0619   -.0678    .0130    .0208   -.0577   -.0515
    .0086   -.0325   -.0834   -.0074    .0586    .0066   -.0049    .0827
    .0969    .0164   -.0117   -.0099   -.0619   -.0678    .0130    .0208
   -.0577   -.0515    .0086   -.0325   -.0834   -.0074    .0586    .0066
   -.0049    .0827    .0969    .0164   -.0117   -.0099   -.0619   -.0678
    .0130    .0208   -.0577   -.0515    .0086   -.0325   -.0834   -.0074
    .0586
    .0528   -.0144    .0071    .0471    .0164   -.0270   -.0383   -.0504
   -.0487   -.0137   -.0069   -.0371   -.0257    .0001   -.0515   -.1014
   -.0240    .0779    .0528   -.0144    .0071    .0471    .0164   -.0270
   -.0383   -.0504   -.0487   -.0137   -.0069   -.0371   -.0257    .0001
   -.0515   -.1014   -.0240    .0779    .0528   -.0144    .0071    .0471
    .0164   -.0270   -.0383   -.0504   -.0487   -.0137   -.0069   -.0371
   -.0257    .0001   -.0515   -.1014   -.0240    .0779    .0528   -.0144
    .0071    .0471    .0164   -.0270   -.0383   -.0504   -.0487   -.0137
   -.0069   -.0371   -.0257    .0001   -.0515   -.1014   -.0240    .0779
    .0528
    .0098   -.0423   -.0340   -.0098   -.0117   -.0383   -.0395    .0127
    .0528    .0160   -.0342   -.0155    .0134   -.0257   -.0577    .0101
    .1010    .0925    .0098   -.0423   -.0341   -.0098   -.0117   -.0383
   -.0395    .0127    .0528    .0160   -.0342   -.0155    .0134   -.0257
   -.0577    .0101    .1010    .0925    .0098   -.0423   -.0340   -.0098
   -.0117   -.0383   -.0395    .0127    .0528    .0160   -.0342   -.0155
    .0134   -.0257   -.0577    .0101    .1010    .0925    .0098   -.0423
   -.0341   -.0098   -.0117   -.0383   -.0395    .0127    .0528    .0160
   -.0342   -.0155    .0134   -.0257   -.0577    .0101    .1010    .0925
    .0098
   -.0234   -.0519   -.0200    .0213   -.0099   -.0504    .0127    .1045
    .0841    .0086    .0027    .0211   -.0155   -.0371    .0208    .0830
    .0785    .0312   -.0234   -.0519   -.0200    .0213   -.0099   -.0504
    .0127    .1045    .0841    .0086    .0027    .0211   -.0155   -.0371
    .0208    .0830    .0785    .0312   -.0234   -.0519   -.0200    .0213
   -.0099   -.0504    .0127    .1045    .0841    .0086    .0027    .0211
   -.0155   -.0371    .0208    .0830    .0785    .0312   -.0234   -.0519
   -.0200    .0213   -.0099   -.0504    .0127    .1045    .0841    .0086
    .0027    .0211   -.0155   -.0371    .0208    .0830    .0785    .0312
   -.0234
   -.0112   -.0049    .0430    .0202   -.0619   -.0487    .0528    .0841
    .0427    .0401    .0500    .0027   -.0342   -.0069    .0130   -.0002
    .0071    .0148   -.0112   -.0049    .0430    .0202   -.0619   -.0487
    .0528    .0841    .0427    .0401    .0500    .0027   -.0342   -.0069
    .0130   -.0002    .0071    .0148   -.0112   -.0049    .0430    .0202
   -.0619   -.0487    .0528    .0841    .0427    .0401    .0500    .0027
   -.0342   -.0069    .0130   -.0002    .0071    .0148   -.0112   -.0049
    .0430    .0202   -.0619   -.0487    .0528    .0841    .0427    .0401
    .0500    .0027   -.0342   -.0069    .0130   -.0002    .0071    .0148
   -.0112
    .0059    .0315    .0309   -.0403   -.0678   -.0137    .0160    .0086
    .0401    .0723    .0401    .0086    .0160   -.0137   -.0678   -.0403
    .0309    .0315    .0059    .0315    .0309   -.0403   -.0678   -.0137
    .0160    .0086    .0401    .0723    .0401    .0086    .0160   -.0137
   -.0678   -.0403    .0309    .0315    .0059    .0315    .0309   -.0403
   -.0678   -.0137    .0160    .0086    .0401    .0723    .0401    .0086
    .0160   -.0137   -.0678   -.0403    .0309    .0315    .0059    .0315
    .0309   -.0403   -.0678   -.0137    .0160    .0086    .0401    .0723
    .0401    .0086    .0160   -.0137   -.0678   -.0403    .0309    .0315
    .0059
    .0735    .0309   -.0382   -.0452    .0079    .0515    .0461    .0074
   -.0321   -.0482   -.0321    .0074    .0461    .0515    .0079   -.0452
   -.0382    .0309    .0735    .0309   -.0382   -.0452    .0079    .0515
    .0461    .0074   -.0321   -.0482   -.0321    .0074    .0461    .0515
    .0079   -.0452   -.0382    .0309    .0735    .0309   -.0382   -.0452
    .0079    .0515    .0461    .0074   -.0321   -.0482   -.0321    .0074
    .0461    .0515    .0079   -.0452   -.0382    .0309    .0735    .0309
   -.0382   -.0452    .0079    .0515    .0461    .0074   -.0321   -.0482
   -.0321    .0074    .0461    .0515    .0079   -.0452   -.0382    .0309
    .0735
    .0467   -.0434   -.0883   -.0097    .0684    .0446   -.0013   -.0087
   -.0254   -.0321    .0364    .1093    .0822    .0094   -.0130    .0014
    .0252    .0601    .0467   -.0433   -.0883   -.0097    .0684    .0446
   -.0013   -.0087   -.0254   -.0321    .0364    .1093    .0822    .0094
   -.0130    .0014    .0252    .0601    .0468   -.0434   -.0883   -.0097
    .0684    .0446   -.0013   -.0087   -.0254   -.0321    .0364    .1093
    .0822    .0094   -.0130    .0014    .0252    .0601    .0467   -.0433
   -.0883   -.0097    .0684    .0446   -.0013   -.0087   -.0254   -.0321
    .0364    .1093    .0822    .0094   -.0130    .0014    .0252    .0601
    .0468
   -.0091   -.0778   -.0376    .0606    .0748    .0500    .0721    .0607
   -.0087    .0074    .1093    .1125    .0070   -.0389   -.0068    .0079
    .0178    .0365   -.0091   -.0778   -.0376    .0606    .0748    .0500
    .0721    .0607   -.0087    .0074    .1093    .1125    .0070   -.0389
   -.0068    .0079    .0178    .0365   -.0091   -.0778   -.0376    .0606
    .0748    .0500    .0721    .0607   -.0087    .0074    .1093    .1125
    .0070   -.0389   -.0068    .0079    .0178    .0365   -.0091   -.0778
   -.0376    .0606    .0748    .0500    .0721    .0607   -.0087    .0074
    .1093    .1125    .0070   -.0389   -.0068    .0079    .0178    .0365
   -.0091
   -.0408   -.0397    .0049    .0171    .0322    .1139    .1568    .0721
   -.0013    .0461    .0822    .0070   -.0650   -.0534   -.0281   -.0196
    .0010   -.0018   -.0408   -.0397    .0049    .0171    .0322    .1139
    .1568    .0721   -.0013    .0461    .0822    .0070   -.0650   -.0534
   -.0281   -.0196    .0010   -.0018   -.0408   -.0397    .0049    .0171
    .0322    .1139    .1568    .0721   -.0013    .0461    .0822    .0070
   -.0650   -.0534   -.0281   -.0196    .0010   -.0018   -.0408   -.0397
    .0049    .0171    .0322    .1139    .1568    .0721   -.0013    .0461
    .0822    .0070   -.0650   -.0534   -.0281   -.0196    .0010   -.0018
   -.0408
   -.0153    .0017   -.0445   -.0653    .0294    .1312    .1139    .0500
    .0446    .0515    .0094   -.0389   -.0534   -.0468   -.0214    .0065
   -.0058   -.0330   -.0153    .0017   -.0445   -.0653    .0294    .1312
    .1139    .0500    .0446    .0515    .0094   -.0389   -.0534   -.0468
   -.0214    .0065   -.0058   -.0330   -.0153    .0017   -.0445   -.0653
    .0294    .1312    .1139    .0500    .0446    .0515    .0094   -.0389
   -.0534   -.0468   -.0214    .0065   -.0058   -.0330   -.0153    .0017
   -.0445   -.0653    .0294    .1312    .1139    .0500    .0446    .0515
    .0094   -.0389   -.0534   -.0468   -.0214    .0065   -.0058   -.0330
   -.0153
    .0428    .0161   -.0571   -.0355    .0269    .0294    .0322    .0748
    .0684    .0079   -.0130   -.0068   -.0281   -.0214    .0272    .0126
   -.0515   -.0292    .0428    .0161   -.0571   -.0355    .0269    .0294
    .0322    .0748    .0684    .0079   -.0130   -.0068   -.0281   -.0214
    .0272    .0126   -.0515   -.0292    .0428    .0161   -.0571   -.0355
    .0269    .0294    .0322    .0748    .0684    .0079   -.0130   -.0068
   -.0281   -.0214    .0272    .0126   -.0515   -.0292    .0428    .0161
   -.0571   -.0355    .0269    .0294    .0322    .0748    .0684    .0079
   -.0130   -.0068   -.0281   -.0214    .0272    .0126   -.0515   -.0292
    .0428
    .0736    .0462    .0380    .0339   -.0355   -.0653    .0171    .0606
   -.0097   -.0452    .0014    .0079   -.0196    .0065    .0126   -.0626
   -.0821    .0138    .0736    .0462    .0380    .0339   -.0355   -.0653
    .0171    .0606   -.0097   -.0452    .0014    .0079   -.0196    .0065
    .0126   -.0626   -.0821    .0138    .0736    .0462    .0380    .0339
   -.0355   -.0653    .0171    .0606   -.0097   -.0452    .0014    .0079
   -.0196    .0065    .0126   -.0626   -.0821    .0138    .0736    .0462
    .0380    .0339   -.0355   -.0653    .0171    .0606   -.0097   -.0452
    .0014    .0079   -.0196    .0065    .0126   -.0626   -.0821    .0138
    .0736
    .0459    .0740    .1034    .0380   -.0571   -.0445    .0049   -.0376
   -.0883   -.0382    .0252    .0178    .0010   -.0058   -.0515   -.0821
   -.0292    .0327    .0459    .0740    .1034    .0380   -.0571   -.0445
    .0049   -.0376   -.0883   -.0382    .0252    .0178    .0010   -.0058
   -.0515   -.0821   -.0292    .0327    .0459    .0740    .1034    .0380
   -.0571   -.0445    .0049   -.0376   -.0883   -.0382    .0252    .0178
    .0010   -.0058   -.0515   -.0821   -.0292    .0327    .0459    .0740
    .1034    .0380   -.0571   -.0445    .0049   -.0376   -.0883   -.0382
    .0252    .0178    .0010   -.0058   -.0515   -.0821   -.0292    .0327
    .0459
   -.0105    .0408    .0740    .0462    .0161    .0017   -.0397   -.0778
   -.0434    .0309    .0601    .0365   -.0018   -.0330   -.0292    .0138
    .0327   -.0007   -.0105    .0408    .0740    .0462    .0161    .0017
   -.0397   -.0778   -.0434    .0309    .0601    .0365   -.0018   -.0330
   -.0292    .0138    .0327   -.0007   -.0105    .0408    .0740    .0462
    .0161    .0017   -.0397   -.0778   -.0434    .0309    .0601    .0365
   -.0018   -.0330   -.0292    .0138    .0327   -.0007   -.0105    .0408
    .0740    .0462    .0161    .0017   -.0397   -.0778   -.0434    .0309
    .0601    .0365   -.0018   -.0330   -.0292    .0138    .0327   -.0007
   -.0105
   -.0384   -.0105    .0459    .0736    .0428   -.0153   -.0408   -.0091
    .0467    .0735    .0467   -.0091   -.0408   -.0153    .0428    .0736
    .0459   -.0105   -.0384   -.0105    .0459    .0736    .0428   -.0153
   -.0408   -.0091    .0467    .0735    .0467   -.0091   -.0408   -.0153
    .0428    .0736    .0459   -.0105   -.0384   -.0105    .0459    .0736
    .0428   -.0153   -.0408   -.0091    .0467    .0735    .0467   -.0091
   -.0408   -.0153    .0428    .0736    .0459   -.0105   -.0384   -.0105
    .0459    .0736    .0428   -.0153   -.0408   -.0091    .0467    .0735
    .0467   -.0091   -.0408   -.0153    .0428    .0736    .0459   -.0105
   -.0384
   -.0105   -.0007    .0327    .0138   -.0292   -.0330   -.0018    .0365
    .0601    .0309   -.0433   -.0778   -.0397    .0017    .0161    .0462
    .0740    .0408   -.0105   -.0007    .0327    .0138   -.0292   -.0330
   -.0018    .0365    .0601    .0309   -.0433   -.0778   -.0397    .0017
    .0161    .0462    .0740    .0408   -.0105   -.0007    .0327    .0138
   -.0292   -.0330   -.0018    .0365    .0601    .0309   -.0433   -.0778
   -.0397    .0017    .0161    .0462    .0740    .0408   -.0105   -.0007
    .0327    .0138   -.0292   -.0330   -.0018    .0365    .0601    .0309
   -.0433   -.0778   -.0397    .0017    .0161    .0462    .0740    .0408
   -.0105
    .0459    .0327   -.0292   -.0821   -.0515   -.0058    .0010    .0178
    .0252   -.0382   -.0883   -.0376    .0049   -.0445   -.0571    .0380
    .1034    .0740    .0459    .0327   -.0292   -.0821   -.0515   -.0058
    .0010    .0178    .0252   -.0382   -.0883   -.0376    .0049   -.0445
   -.0571    .0380    .1034    .0740    .0459    .0327   -.0292   -.0821
   -.0515   -.0058    .0010    .0178    .0252   -.0382   -.0883   -.0376
    .0049   -.0445   -.0571    .0380    .1034    .0740    .0459    .0327
   -.0292   -.0821   -.0515   -.0058    .0010    .0178    .0252   -.0382
   -.0883   -.0376    .0049   -.0445   -.0571    .0380    .1034    .0740
    .0459
    .0736    .0138   -.0821   -.0626    .0126    .0065   -.0196    .0079
    .0014   -.0452   -.0097    .0606    .0171   -.0653   -.0355    .0339
    .0380    .0462    .0736    .0138   -.0821   -.0626    .0126    .0065
   -.0196    .0079    .0014   -.0452   -.0097    .0606    .0171   -.0653
   -.0355    .0339    .0380    .0462    .0736    .0138   -.0821   -.0626
    .0126    .0065   -.0196    .0079    .0014   -.0452   -.0097    .0606
    .0171   -.0653   -.0355    .0339    .0380    .0462    .0736    .0138
   -.0821   -.0626    .0126    .0065   -.0196    .0079    .0014   -.0452
   -.0097    .0606    .0171   -.0653   -.0355    .0339    .0380    .0462
    .0736
    .0428   -.0292   -.0515    .0126    .0272   -.0214   -.0281   -.0068
   -.0130    .0079    .0684    .0748    .0322    .0294    .0269   -.0355
   -.0571    .0161    .0428   -.0292   -.0515    .0126    .0272   -.0214
   -.0281   -.0068   -.0130    .0079    .0684    .0748    .0322    .0294
    .0269   -.0355   -.0571    .0161    .0428   -.0292   -.0515    .0126
    .0272   -.0214   -.0281   -.0068   -.0130    .0079    .0684    .0748
    .0322    .0294    .0269   -.0355   -.0571    .0161    .0428   -.0292
   -.0515    .0126    .0272   -.0214   -.0281   -.0068   -.0130    .0079
    .0684    .0748    .0322    .0294    .0269   -.0355   -.0571    .0161
    .0428
   -.0153   -.0330   -.0058    .0065   -.0214   -.0468   -.0534   -.0389
    .0094    .0515    .0446    .0500    .1139    .1312    .0294   -.0653
   -.0445    .0017   -.0153   -.0330   -.0058    .0065   -.0214   -.0468
   -.0534   -.0389    .0094    .0515    .0446    .0500    .1139    .1312
    .0294   -.0653   -.0445    .0017   -.0153   -.0330   -.0058    .0065
   -.0214   -.0468   -.0534   -.0389    .0094    .0515    .0446    .0500
    .1139    .1312    .0294   -.0653   -.0445    .0017   -.0153   -.0330
   -.0058    .0065   -.0214   -.0468   -.0534   -.0389    .0094    .0515
    .0446    .0500    .1139    .1312    .0294   -.0653   -.0445    .0017
   -.0153
   -.0408   -.0018    .0010   -.0196   -.0281   -.0534   -.0650    .0070
    .0822    .0461   -.0013    .0721    .1568    .1139    .0322    .0171
    .0049   -.0397   -.0408   -.0018    .0010   -.0196   -.0281   -.0534
   -.0650    .0070    .0822    .0461   -.0013    .0721    .1568    .1139
    .0322    .0171    .0049   -.0397   -.0408   -.0018    .0010   -.0196
   -.0281   -.0534   -.0650    .0070    .0822    .0461   -.0013    .0721
    .1568    .1139    .0322    .0171    .0049   -.0397   -.0408   -.0018
    .0010   -.0196   -.0281   -.0534   -.0650    .0070    .0822    .0461
   -.0013    .0721    .1568    .1139    .0322    .0171    .0049   -.0397
   -.0408
   -.0091    .0365    .0178    .0079   -.0068   -.0389    .0070    .1125
    .1093    .0074   -.0087    .0607    .0721    .0500    .0748    .0606
   -.0376   -.0778   -.0091    .0365    .0178    .0079   -.0068   -.0389
    .0070    .1125    .1093    .0074   -.0087    .0607    .0721    .0500
    .0748    .0606   -.0376   -.0778   -.0091    .0365    .0178    .0079
   -.0068   -.0389    .0070    .1125    .1093    .0074   -.0087    .0607
    .0721    .0500    .0748    .0606   -.0376   -.0778   -.0091    .0365
    .0178    .0079   -.0068   -.0389    .0070    .1125    .1093    .0074
   -.0087    .0607    .0721    .0500    .0748    .0606   -.0376   -.0778
   -.0091
    .0467    .0601    .0252    .0014   -.0130    .0094    .0822    .1093
    .0364   -.0321   -.0254   -.0087   -.0013    .0446    .0684   -.0097
   -.0883   -.0434    .0467    .0601    .0252    .0014   -.0130    .0094
    .0822    .1093    .0364   -.0321   -.0254   -.0087   -.0013    .0446
    .0684   -.0097   -.0883   -.0434    .0467    .0601    .0252    .0014
   -.0130    .0094    .0822    .1093    .0364   -.0321   -.0254   -.0087
   -.0013    .0446    .0684   -.0097   -.0883   -.0434    .0467    .0601
    .0252    .0014   -.0130    .0094    .0822    .1093    .0364   -.0321
   -.0254   -.0087   -.0013    .0446    .0684   -.0097   -.0883   -.0434
    .0467
    .0735    .0309   -.0382   -.0452    .0079    .0515    .0461    .0074
   -.0321   -.0482   -.0321    .0074    .0461    .0515    .0079   -.0452
   -.0382    .0309    .0735    .0309   -.0382   -.0452    .0079    .0515
    .0461    .0074   -.0321   -.0482   -.0321    .0074    .0461    .0515
    .0079   -.0452   -.0382    .0309    .0735    .0309   -.0382   -.0452
    .0079    .0515    .0461    .0074   -.0321   -.0482   -.0321    .0074
    .0461    .0515    .0079   -.0452   -.0382    .0309    .0735    .0309
   -.0382   -.0452    .0079    .0515    .0461    .0074   -.0321   -.0482
   -.0321    .0074    .0461    .0515    .0079   -.0452   -.0382    .0309
    .0735
   -.0083   -.0403   -.0452    .0331    .0572   -.0311   -.0923   -.0593
   -.0187   -.0108   -.0187   -.0593   -.0923   -.0311    .0572    .0331
   -.0452   -.0403   -.0083   -.0403   -.0452    .0331    .0572   -.0311
   -.0923   -.0593   -.0187   -.0108   -.0187   -.0593   -.0923   -.0311
    .0572    .0331   -.0452   -.0403   -.0083   -.0403   -.0452    .0331
    .0572   -.0311   -.0923   -.0593   -.0187   -.0108   -.0187   -.0593
   -.0923   -.0311    .0572    .0331   -.0452   -.0403   -.0083   -.0403
   -.0452    .0331    .0572   -.0311   -.0923   -.0593   -.0187   -.0108
   -.0187   -.0593   -.0923   -.0311    .0572    .0331   -.0452   -.0403
   -.0083
    .0343   -.0363   -.0679    .0117    .0267   -.0719   -.1110   -.0536
   -.0208   -.0187   -.0043   -.0263   -.0564    .0117    .0970    .0473
   -.0369   -.0031    .0343   -.0363   -.0679    .0117    .0267   -.0719
   -.1110   -.0536   -.0208   -.0187   -.0043   -.0263   -.0564    .0117
    .0970    .0473   -.0369   -.0031    .0343   -.0363   -.0679    .0117
    .0267   -.0719   -.1110   -.0536   -.0208   -.0187   -.0043   -.0263
   -.0564    .0117    .0970    .0473   -.0369   -.0031    .0343   -.0363
   -.0679    .0117    .0267   -.0719   -.1110   -.0536   -.0208   -.0187
   -.0043   -.0263   -.0564    .0117    .0970    .0473   -.0369   -.0031
    .0343
    .0649   -.0665   -.0781    .0256    .0276   -.0416   -.0321   -.0116
   -.0536   -.0593   -.0263   -.0555   -.0645    .0396    .0901   -.0044
   -.0326    .0690    .0649   -.0665   -.0781    .0256    .0276   -.0416
   -.0321   -.0116   -.0536   -.0593   -.0263   -.0555   -.0645    .0396
    .0901   -.0044   -.0326    .0690    .0649   -.0665   -.0781    .0256
    .0276   -.0416   -.0321   -.0116   -.0536   -.0593   -.0263   -.0555
   -.0645    .0396    .0901   -.0044   -.0326    .0690    .0649   -.0665
   -.0781    .0256    .0276   -.0416   -.0321   -.0116   -.0536   -.0593
   -.0263   -.0555   -.0645    .0396    .0901   -.0044   -.0326    .0690
    .0649
    .0060   -.1051   -.0619    .0273    .0322    .0285    .0358   -.0321
   -.1110   -.0923   -.0564   -.0645   -.0147    .0685    .0271   -.0623
   -.0073    .0818    .0060   -.1051   -.0619    .0273    .0322    .0285
    .0358   -.0321   -.1110   -.0923   -.0564   -.0645   -.0147    .0685
    .0271   -.0623   -.0073    .0818    .0060   -.1051   -.0619    .0273
    .0322    .0285    .0358   -.0321   -.1110   -.0923   -.0564   -.0645
   -.0147    .0685    .0271   -.0623   -.0073    .0818    .0060   -.1051
   -.0619    .0273    .0322    .0285    .0358   -.0321   -.1110   -.0923
   -.0564   -.0645   -.0147    .0685    .0271   -.0623   -.0073    .0818
    .0060
   -.0299   -.0703   -.0438   -.0152    .0084    .0421    .0285   -.0416
   -.0719   -.0311    .0117    .0396    .0685    .0471   -.0283   -.0450
    .0204    .0380   -.0299   -.0703   -.0438   -.0152    .0084    .0421
    .0285   -.0416   -.0719   -.0311    .0117    .0396    .0685    .0471
   -.0283   -.0450    .0204    .0380   -.0299   -.0703   -.0438   -.0152
    .0084    .0421    .0285   -.0416   -.0719   -.0311    .0117    .0396
    .0685    .0471   -.0283   -.0450    .0204    .0380   -.0299   -.0703
   -.0438   -.0152    .0084    .0421    .0285   -.0416   -.0719   -.0311
    .0117    .0396    .0685    .0471   -.0283   -.0450    .0204    .0380
   -.0299
    .0200    .0033   -.0401   -.0640   -.0382    .0084    .0322    .0276
    .0267    .0572    .0970    .0901    .0271   -.0283   -.0286   -.0031
    .0080    .0130    .0200    .0033   -.0401   -.0640   -.0382    .0084
    .0322    .0276    .0267    .0572    .0970    .0901    .0271   -.0283
   -.0286   -.0031    .0080    .0130    .0200    .0033   -.0401   -.0640
   -.0382    .0084    .0322    .0276    .0267    .0572    .0970    .0901
    .0271   -.0283   -.0286   -.0031    .0080    .0130    .0200    .0033
   -.0401   -.0640   -.0382    .0084    .0322    .0276    .0267    .0572
    .0970    .0901    .0271   -.0283   -.0286   -.0031    .0080    .0130
    .0200
    .0484    .0328   -.0303   -.0731   -.0640   -.0152    .0273    .0256
    .0117    .0331    .0473   -.0044   -.0623   -.0450   -.0031   -.0169
   -.0401   -.0021    .0484    .0328   -.0303   -.0731   -.0640   -.0152
    .0273    .0256    .0117    .0331    .0473   -.0044   -.0623   -.0450
   -.0031   -.0169   -.0401   -.0021    .0484    .0328   -.0303   -.0731
   -.0640   -.0152    .0273    .0256    .0117    .0331    .0473   -.0044
   -.0623   -.0450   -.0031   -.0169   -.0401   -.0021    .0484    .0328
   -.0303   -.0731   -.0640   -.0152    .0273    .0256    .0117    .0331
    .0473   -.0044   -.0623   -.0450   -.0031   -.0169   -.0401   -.0021
    .0484
    .0067    .0250    .0006   -.0303   -.0401   -.0438   -.0619   -.0781
   -.0679   -.0452   -.0369   -.0326   -.0073    .0204    .0080   -.0401
   -.0684   -.0425    .0067    .0250    .0006   -.0303   -.0401   -.0438
   -.0619   -.0781   -.0679   -.0452   -.0369   -.0326   -.0073    .0204
    .0080   -.0401   -.0684   -.0425    .0067    .0250    .0006   -.0303
   -.0401   -.0438   -.0619   -.0781   -.0679   -.0452   -.0369   -.0326
   -.0073    .0204    .0080   -.0401   -.0684   -.0425    .0067    .0250
    .0006   -.0303   -.0401   -.0438   -.0619   -.0781   -.0679   -.0452
   -.0369   -.0326   -.0073    .0204    .0080   -.0401   -.0684   -.0425
    .0067
   -.0287    .0090    .0250    .0328    .0033   -.0703   -.1051   -.0665
   -.0363   -.0403   -.0031    .0690    .0818    .0380    .0130   -.0021
   -.0425   -.0621   -.0287    .0090    .0250    .0328    .0033   -.0703
   -.1051   -.0665   -.0363   -.0403   -.0031    .0690    .0818    .0380
    .0130   -.0021   -.0425   -.0621   -.0287    .0090    .0250    .0328
    .0033   -.0703   -.1051   -.0665   -.0363   -.0403   -.0031    .0690
    .0818    .0380    .0130   -.0021   -.0425   -.0621   -.0287    .0090
    .0250    .0328    .0033   -.0703   -.1051   -.0665   -.0363   -.0403
   -.0031    .0690    .0818    .0380    .0130   -.0021   -.0425   -.0621
   -.0287
   -.0331   -.0287    .0067    .0484    .0200   -.0299    .0060    .0649
    .0343   -.0083    .0343    .0649    .0060   -.0299    .0200    .0484
    .0067   -.0287   -.0331   -.0287    .0067    .0484    .0200   -.0299
    .0060    .0649    .0343   -.0083    .0343    .0649    .0060   -.0299
    .0200    .0484    .0067   -.0287   -.0331   -.0287    .0067    .0484
    .0200   -.0299    .0060    .0649    .0343   -.0083    .0343    .0649
    .0060   -.0299    .0200    .0484    .0067   -.0287   -.0331   -.0287
    .0067    .0484    .0200   -.0299    .0060    .0649    .0343   -.0083
    .0343    .0649    .0060   -.0299    .0200    .0484    .0067   -.0287
   -.0331
   -.0287   -.0621   -.0425   -.0021    .0130    .0380    .0818    .0690
   -.0031   -.0403   -.0363   -.0665   -.1051   -.0703    .0033    .0328
    .0250    .0090   -.0287   -.0621   -.0425   -.0021    .0130    .0380
    .0818    .0690   -.0031   -.0403   -.0363   -.0665   -.1051   -.0703
    .0033    .0328    .0250    .0090   -.0287   -.0621   -.0425   -.0021
    .0130    .0380    .0818    .0690   -.0031   -.0403   -.0363   -.0665
   -.1051   -.0703    .0033    .0328    .0250    .0090   -.0287   -.0621
   -.0425   -.0021    .0130    .0380    .0818    .0690   -.0031   -.0403
   -.0363   -.0665   -.1051   -.0703    .0033    .0328    .0250    .0090
   -.0287
    .0067   -.0425   -.0684   -.0401    .0080    .0204   -.0073   -.0326
   -.0369   -.0452   -.0679   -.0781   -.0619   -.0438   -.0401   -.0303
    .0006    .0250    .0067   -.0425   -.0684   -.0401    .0080    .0204
   -.0073   -.0326   -.0369   -.0452   -.0679   -.0781   -.0619   -.0438
   -.0401   -.0303    .0006    .0250    .0067   -.0425   -.0684   -.0401
    .0080    .0204   -.0073   -.0326   -.0369   -.0452   -.0679   -.0781
   -.0619   -.0438   -.0401   -.0303    .0006    .0250    .0067   -.0425
   -.0684   -.0401    .0080    .0204   -.0073   -.0326   -.0369   -.0452
   -.0679   -.0781   -.0619   -.0438   -.0401   -.0303    .0006    .0250
    .0067
    .0484   -.0021   -.0401   -.0169   -.0031   -.0450   -.0623   -.0044
    .0473    .0331    .0117    .0256    .0273   -.0152   -.0640   -.0731
   -.0303    .0328    .0484   -.0021   -.0401   -.0169   -.0031   -.0450
   -.0623   -.0044    .0473    .0331    .0117    .0256    .0273   -.0152
   -.0640   -.0731   -.0303    .0328    .0484   -.0021   -.0401   -.0169
   -.0031   -.0450   -.0623   -.0044    .0473    .0331    .0117    .0256
    .0273   -.0152   -.0640   -.0731   -.0303    .0328    .0484   -.0021
   -.0401   -.0169   -.0031   -.0450   -.0623   -.0044    .0473    .0331
    .0117    .0256    .0273   -.0152   -.0640   -.0731   -.0303    .0328
    .0484
    .0200    .0130    .0080   -.0031   -.0286   -.0283    .0271    .0901
    .0970    .0572    .0267    .0276    .0322    .0084   -.0382   -.0640
   -.0401    .0033    .0200    .0130    .0080   -.0031   -.0286   -.0283
    .0271    .0901    .0970    .0572    .0267    .0276    .0322    .0084
   -.0382   -.0640   -.0401    .0033    .0200    .0130    .0080   -.0031
   -.0286   -.0283    .0271    .0901    .0970    .0572    .0267    .0276
    .0322    .0084   -.0382   -.0640   -.0401    .0033    .0200    .0130
    .0080   -.0031   -.0286   -.0283    .0271    .0901    .0970    .0572
    .0267    .0276    .0322    .0084   -.0382   -.0640   -.0401    .0033
    .0200
   -.0299    .0380    .0204   -.0450   -.0283    .0471    .0685    .0396
    .0117   -.0311   -.0719   -.0416    .0285    .0421    .0084   -.0152
   -.0438   -.0703   -.0299    .0380    .0204   -.0450   -.0283    .0471
    .0685    .0396    .0117   -.0311   -.0719   -.0416    .0285    .0421
    .0084   -.0152   -.0438   -.0703   -.0299    .0380    .0204   -.0450
   -.0283    .0471    .0685    .0396    .0117   -.0311   -.0719   -.0416
    .0285    .0421    .0084   -.0152   -.0438   -.0703   -.0299    .0380
    .0204   -.0450   -.0283    .0471    .0685    .0396    .0117   -.0311
   -.0719   -.0416    .0285    .0421    .0084   -.0152   -.0438   -.0703
   -.0299
    .0060    .0818   -.0073   -.0623    .0271    .0685   -.0147   -.0645
   -.0564   -.0923   -.1110   -.0321    .0358    .0285    .0322    .0273
   -.0619   -.1051    .0060    .0818   -.0073   -.0623    .0271    .0685
   -.0147   -.0645   -.0564   -.0923   -.1110   -.0321    .0358    .0285
    .0322    .0273   -.0619   -.1051    .0060    .0818   -.0073   -.0623
    .0271    .0685   -.0147   -.0645   -.0564   -.0923   -.1110   -.0321
    .0358    .0285    .0322    .0273   -.0619   -.1051    .0060    .0818
   -.0073   -.0623    .0271    .0685   -.0147   -.0645   -.0564   -.0923
   -.1110   -.0321    .0358    .0285    .0322    .0273   -.0619   -.1051
    .0060
    .0649    .0690   -.0326   -.0044    .0901    .0396   -.0645   -.0555
   -.0263   -.0593   -.0536   -.0116   -.0321   -.0416    .0276    .0256
   -.0781   -.0665    .0649    .0690   -.0326   -.0044    .0901    .0396
   -.0645   -.0555   -.0263   -.0593   -.0536   -.0116   -.0321   -.0416
    .0276    .0256   -.0781   -.0665    .0649    .0690   -.0326   -.0044
    .0901    .0396   -.0645   -.0555   -.0263   -.0593   -.0536   -.0116
   -.0321   -.0416    .0276    .0256   -.0781   -.0665    .0649    .0690
   -.0326   -.0044    .0901    .0396   -.0645   -.0555   -.0263   -.0593
   -.0536   -.0116   -.0321   -.0416    .0276    .0256   -.0781   -.0665
    .0649
    .0343   -.0031   -.0369    .0473    .0970    .0117   -.0564   -.0263
   -.0043   -.0187   -.0208   -.0536   -.1110   -.0719    .0267    .0117
   -.0679   -.0363    .0343   -.0031   -.0369    .0473    .0970    .0117
   -.0564   -.0263   -.0043   -.0187   -.0208   -.0536   -.1110   -.0719
    .0267    .0117   -.0679   -.0363    .0343   -.0031   -.0369    .0473
    .0970    .0117   -.0564   -.0263   -.0043   -.0187   -.0208   -.0536
   -.1110   -.0719    .0267    .0117   -.0679   -.0363    .0343   -.0031
   -.0369    .0473    .0970    .0117   -.0564   -.0263   -.0043   -.0187
   -.0208   -.0536   -.1110   -.0719    .0267    .0117   -.0679   -.0363
    .0343
   -.0083   -.0403   -.0452    .0331    .0572   -.0311   -.0923   -.0593
   -.0187   -.0108   -.0187   -.0593   -.0923   -.0311    .0572    .0331
   -.0452   -.0403   -.0083   -.0403   -.0452    .0331    .0572   -.0311
   -.0923   -.0593   -.0187   -.0108   -.0187   -.0593   -.0923   -.0311
    .0572    .0331   -.0452   -.0403   -.0083   -.0403   -.0452    .0331
    .0572   -.0311   -.0923   -.0593   -.0187   -.0108   -.0187   -.0593
   -.0923   -.0311    .0572    .0331   -.0452   -.0403   -.0083   -.0403
   -.0452    .0331    .0572   -.0311   -.0923   -.0593   -.0187   -.0108
   -.0187   -.0593   -.0923   -.0311    .0572    .0331   -.0452   -.0403
   -.0083
   -.0990   -.0678    .0079    .0572    .0168   -.0388    .0421    .2718
    .5005    .5908    .5005    .2718    .0421   -.0388    .0168    .0572
    .0079   -.0678   -.0990   -.0678    .0079    .0572    .0168   -.0388
    .0421    .2718    .5005    .5908    .5005    .2718    .0421   -.0388
    .0168    .0572    .0079   -.0678   -.0990   -.0678    .0079    .0572
    .0168   -.0388    .0421    .2718    .5005    .5908    .5005    .2718
    .0421   -.0388    .0168    .0572    .0079   -.0678   -.0990   -.0678
    .0079    .0572    .0168   -.0388    .0421    .2718    .5005    .5908
    .5005    .2718    .0421   -.0388    .0168    .0572    .0079   -.0678
   -.0990
   -.0012    .0312    .0373    .0290   -.0291   -.0709    .0397    .2738
    .4589    .5005    .3996    .1908    .0057   -.0140    .0595    .0441
   -.0437   -.0579   -.0012    .0312    .0373    .0290   -.0291   -.0709
    .0397    .2738    .4589    .5005    .3996    .1908    .0057   -.0140
    .0595    .0441   -.0437   -.0579   -.0012    .0312    .0373    .0290
   -.0291   -.0709    .0397    .2738    .4589    .5005    .3996    .1908
    .0057   -.0140    .0595    .0441   -.0437   -.0579   -.0012    .0312
    .0373    .0290   -.0291   -.0709    .0397    .2738    .4589    .5005
    .3996    .1908    .0057   -.0140    .0595    .0441   -.0437   -.0579
   -.0012
    .1050    .0432    .0156    .0378   -.0153   -.0702    .0252    .1905
    .2738    .2718    .1908    .0285   -.0690   -.0030    .0527   -.0254
   -.0609    .0448    .1050    .0432    .0156    .0378   -.0153   -.0702
    .0252    .1905    .2738    .2718    .1908    .0285   -.0690   -.0030
    .0527   -.0254   -.0609    .0448    .1050    .0432    .0156    .0378
   -.0153   -.0702    .0252    .1905    .2738    .2718    .1908    .0285
   -.0690   -.0030    .0527   -.0254   -.0609    .0448    .1050    .0432
    .0156    .0378   -.0153   -.0702    .0252    .1905    .2738    .2718
    .1908    .0285   -.0690   -.0030    .0527   -.0254   -.0609    .0448
    .1050
    .0473   -.0420    .0084    .0825    .0087   -.0803   -.0415    .0252
    .0397    .0421    .0057   -.0690   -.0470    .0565    .0379   -.0734
   -.0440    .0734    .0473   -.0420    .0084    .0825    .0087   -.0803
   -.0415    .0252    .0397    .0421    .0057   -.0690   -.0470    .0565
    .0379   -.0734   -.0440    .0734    .0473   -.0420    .0084    .0825
    .0087   -.0803   -.0415    .0252    .0397    .0421    .0057   -.0690
   -.0470    .0565    .0379   -.0734   -.0440    .0734    .0473   -.0420
    .0084    .0825    .0087   -.0803   -.0415    .0252    .0397    .0421
    .0057   -.0690   -.0470    .0565    .0379   -.0734   -.0440    .0734
    .0473
   -.0106   -.0483    .0371    .0790   -.0125   -.0898   -.0803   -.0702
   -.0709   -.0388   -.0140   -.0030    .0565    .1021    .0304   -.0486
    .0000    .0533   -.0106   -.0483    .0371    .0790   -.0125   -.0898
   -.0803   -.0702   -.0709   -.0388   -.0140   -.0030    .0565    .1021
    .0304   -.0486    .0000    .0533   -.0106   -.0483    .0371    .0790
   -.0125   -.0898   -.0803   -.0702   -.0709   -.0388   -.0140   -.0030
    .0565    .1021    .0304   -.0486    .0000    .0533   -.0106   -.0483
    .0371    .0790   -.0125   -.0898   -.0803   -.0702   -.0709   -.0388
   -.0140   -.0030    .0565    .1021    .0304   -.0486    .0000    .0533
   -.0106
    .0333    .0115    .0225    .0065   -.0249   -.0125    .0087   -.0153
   -.0291    .0168    .0595    .0527    .0379    .0304    .0100    .0101
    .0521    .0696    .0333    .0115    .0225    .0065   -.0249   -.0125
    .0087   -.0153   -.0291    .0168    .0595    .0527    .0379    .0304
    .0100    .0101    .0521    .0696    .0333    .0115    .0225    .0065
   -.0249   -.0125    .0087   -.0153   -.0291    .0168    .0595    .0527
    .0379    .0304    .0100    .0101    .0521    .0696    .0333    .0115
    .0225    .0065   -.0249   -.0125    .0087   -.0153   -.0291    .0168
    .0595    .0527    .0379    .0304    .0100    .0101    .0521    .0696
    .0333
    .0347    .0085   -.0389   -.0522    .0065    .0790    .0825    .0378
    .0290    .0572    .0441   -.0254   -.0734   -.0486    .0101    .0438
    .0444    .0390    .0347    .0085   -.0389   -.0522    .0065    .0790
    .0825    .0378    .0290    .0572    .0441   -.0254   -.0734   -.0486
    .0101    .0438    .0444    .0390    .0347    .0085   -.0389   -.0522
    .0065    .0790    .0825    .0378    .0290    .0572    .0441   -.0254
   -.0734   -.0486    .0101    .0438    .0444    .0390    .0347    .0085
   -.0389   -.0522    .0065    .0790    .0825    .0378    .0290    .0572
    .0441   -.0254   -.0734   -.0486    .0101    .0438    .0444    .0390
    .0347
   -.0224   -.0106   -.0487   -.0389    .0225    .0371    .0084    .0156
    .0373    .0079   -.0437   -.0609   -.0440    .0000    .0521    .0444
   -.0284   -.0615   -.0224   -.0106   -.0487   -.0389    .0225    .0371
    .0084    .0156    .0373    .0079   -.0437   -.0609   -.0440    .0000
    .0521    .0444   -.0284   -.0615   -.0224   -.0106   -.0487   -.0389
    .0225    .0371    .0084    .0156    .0373    .0079   -.0437   -.0609
   -.0440    .0000    .0521    .0444   -.0284   -.0615   -.0224   -.0106
   -.0487   -.0389    .0225    .0371    .0084    .0156    .0373    .0079
   -.0437   -.0609   -.0440    .0000    .0521    .0444   -.0284   -.0615
   -.0224
   -.0060    .0165   -.0106    .0085    .0115   -.0483   -.0420    .0432
    .0312   -.0678   -.0579    .0448    .0734    .0533    .0696    .0390
   -.0615   -.0816   -.0060    .0165   -.0106    .0085    .0115   -.0483
   -.0420    .0432    .0312   -.0678   -.0579    .0448    .0734    .0533
    .0696    .0390   -.0615   -.0816   -.0060    .0165   -.0106    .0085
    .0115   -.0483   -.0420    .0432    .0312   -.0678   -.0579    .0448
    .0734    .0533    .0696    .0390   -.0615   -.0816   -.0060    .0165
   -.0106    .0085    .0115   -.0483   -.0420    .0432    .0312   -.0678
   -.0579    .0448    .0734    .0533    .0696    .0390   -.0615   -.0816
   -.0060
    .0330   -.0060   -.0224    .0347    .0333   -.0106    .0473    .1050
   -.0012   -.0990   -.0012    .1050    .0473   -.0106    .0333    .0347
   -.0224   -.0060    .0330   -.0060   -.0224    .0347    .0333   -.0106
    .0473    .1050   -.0012   -.0990   -.0012    .1050    .0473   -.0106
    .0333    .0347   -.0224   -.0060    .0330   -.0060   -.0224    .0347
    .0333   -.0106    .0473    .1050   -.0012   -.0990   -.0012    .1050
    .0473   -.0106    .0333    .0347   -.0224   -.0060    .0330   -.0060
   -.0224    .0347    .0333   -.0106    .0473    .1050   -.0012   -.0990
   -.0012    .1050    .0473   -.0106    .0333    .0347   -.0224   -.0060
    .0330
   -.0060   -.0816   -.0615    .0390    .0696    .0533    .0734    .0448
   -.0578   -.0678    .0312    .0432   -.0420   -.0483    .0115    .0085
   -.0106    .0165   -.0060   -.0816   -.0615    .0390    .0696    .0533
    .0734    .0448   -.0578   -.0678    .0312    .0432   -.0420   -.0483
    .0115    .0085   -.0106    .0165   -.0060   -.0816   -.0615    .0390
    .0696    .0533    .0734    .0448   -.0578   -.0678    .0312    .0432
   -.0420   -.0483    .0115    .0085   -.0106    .0165   -.0060   -.0816
   -.0615    .0390    .0696    .0533    .0734    .0448   -.0578   -.0678
    .0312    .0432   -.0420   -.0483    .0115    .0085   -.0106    .0165
   -.0060
   -.0224   -.0615   -.0284    .0444    .0521    .0000   -.0440   -.0609
   -.0437    .0079    .0373    .0156    .0084    .0371    .0225   -.0389
   -.0487   -.0106   -.0224   -.0615   -.0284    .0444    .0521    .0000
   -.0440   -.0609   -.0437    .0079    .0373    .0156    .0084    .0371
    .0225   -.0389   -.0487   -.0106   -.0224   -.0615   -.0284    .0444
    .0521    .0000   -.0440   -.0609   -.0437    .0079    .0373    .0156
    .0084    .0371    .0225   -.0389   -.0487   -.0106   -.0224   -.0615
   -.0284    .0444    .0521    .0000   -.0440   -.0609   -.0437    .0079
    .0373    .0156    .0084    .0371    .0225   -.0389   -.0487   -.0106
   -.0224
    .0347    .0390    .0444    .0438    .0101   -.0486   -.0734   -.0254
    .0441    .0572    .0290    .0378    .0825    .0790    .0065   -.0522
   -.0389    .0085    .0347    .0390    .0444    .0438    .0101   -.0486
   -.0734   -.0254    .0441    .0572    .0290    .0378    .0825    .0790
    .0065   -.0522   -.0389    .0085    .0347    .0390    .0444    .0438
    .0101   -.0486   -.0734   -.0254    .0441    .0572    .0290    .0378
    .0825    .0790    .0065   -.0522   -.0389    .0085    .0347    .0390
    .0444    .0438    .0101   -.0486   -.0734   -.0254    .0441    .0572
    .0290    .0378    .0825    .0790    .0065   -.0522   -.0389    .0085
    .0347
    .0333    .0696    .0521    .0101    .0100    .0304    .0379    .0527
    .0595    .0168   -.0291   -.0153    .0087   -.0125   -.0249    .0065
    .0225    .0115    .0333    .0696    .0521    .0101    .0100    .0304
    .0379    .0527    .0595    .0168   -.0291   -.0153    .0087   -.0125
   -.0249    .0065    .0225    .0115    .0333    .0696    .0521    .0101
    .0100    .0304    .0379    .0527    .0595    .0168   -.0291   -.0153
    .0087   -.0125   -.0249    .0065    .0225    .0115    .0333    .0696
    .0521    .0101    .0100    .0304    .0379    .0527    .0595    .0168
   -.0291   -.0153    .0087   -.0125   -.0249    .0065    .0225    .0115
    .0333
   -.0106    .0533    .0000   -.0486    .0304    .1021    .0565   -.0030
   -.0140   -.0388   -.0709   -.0702   -.0803   -.0898   -.0125    .0790
    .0371   -.0483   -.0106    .0533    .0000   -.0486    .0304    .1021
    .0565   -.0030   -.0140   -.0388   -.0709   -.0702   -.0803   -.0898
   -.0125    .0790    .0371   -.0483   -.0106    .0533    .0000   -.0486
    .0304    .1021    .0565   -.0030   -.0140   -.0388   -.0709   -.0702
   -.0803   -.0898   -.0125    .0790    .0371   -.0483   -.0106    .0533
    .0000   -.0486    .0304    .1021    .0565   -.0030   -.0140   -.0388
   -.0709   -.0702   -.0803   -.0898   -.0125    .0790    .0371   -.0483
   -.0106
    .0473    .0734   -.0440   -.0734    .0379    .0565   -.0470   -.0690
    .0057    .0421    .0397    .0252   -.0415   -.0803    .0087    .0825
    .0084   -.0420    .0473    .0734   -.0440   -.0734    .0379    .0565
   -.0470   -.0690    .0057    .0421    .0397    .0252   -.0414   -.0803
    .0087    .0825    .0084   -.0420    .0473    .0734   -.0440   -.0734
    .0379    .0565   -.0470   -.0690    .0057    .0421    .0397    .0252
   -.0415   -.0803    .0087    .0825    .0084   -.0420    .0473    .0734
   -.0440   -.0734    .0379    .0565   -.0470   -.0690    .0057    .0421
    .0397    .0252   -.0414   -.0803    .0087    .0825    .0084   -.0420
    .0473
    .1050    .0448   -.0609   -.0254    .0527   -.0030   -.0690    .0285
    .1908    .2718    .2738    .1905    .0252   -.0702   -.0153    .0378
    .0156    .0432    .1050    .0448   -.0609   -.0254    .0527   -.0030
   -.0690    .0285    .1908    .2718    .2738    .1905    .0252   -.0702
   -.0153    .0378    .0156    .0432    .1050    .0448   -.0609   -.0254
    .0527   -.0030   -.0690    .0285    .1908    .2718    .2738    .1905
    .0252   -.0702   -.0153    .0378    .0156    .0432    .1050    .0448
   -.0609   -.0254    .0527   -.0030   -.0690    .0285    .1908    .2718
    .2738    .1905    .0252   -.0702   -.0153    .0378    .0156    .0432
    .1050
   -.0012   -.0578   -.0437    .0441    .0595   -.0140    .0057    .1908
    .3996    .5005    .4589    .2738    .0397   -.0709   -.0291    .0290
    .0373    .0312   -.0012   -.0578   -.0437    .0441    .0595   -.0140
    .0057    .1908    .3996    .5005    .4589    .2738    .0397   -.0709
   -.0291    .0290    .0373    .0312   -.0012   -.0578   -.0437    .0441
    .0595   -.0140    .0057    .1908    .3996    .5005    .4589    .2738
    .0397   -.0709   -.0291    .0290    .0373    .0312   -.0012   -.0578
   -.0437    .0441    .0595   -.0140    .0057    .1908    .3996    .5005
    .4589    .2738    .0397   -.0709   -.0291    .0290    .0373    .0312
   -.0012
   -.0990   -.0678    .0079    .0572    .0168   -.0388    .0421    .2718
    .5005    .5908    .5005    .2718    .0421   -.0388    .0168    .0572
    .0079   -.0678   -.0990   -.0678    .0079    .0572    .0168   -.0388
    .0421    .2718    .5005    .5908    .5005    .2718    .0421   -.0388
    .0168    .0572    .0079   -.0678   -.0990   -.0678    .0079    .0572
    .0168   -.0388    .0421    .2718    .5005    .5908    .5005    .2718
    .0421   -.0388    .0168    .0572    .0079   -.0678   -.0990   -.0678
    .0079    .0572    .0168   -.0388    .0421    .2718    .5005    .5908
    .5005    .2718    .0421   -.0388    .0168    .0572    .0079   -.0678
   -.0990
   -.0965   -.0137    .0515   -.0311   -.0388    .1724    .5991   1.4002
   2.4609   2.9931   2.4609   1.4002    .5991    .1724   -.0388   -.0311
    .0515   -.0137   -.0965   -.0137    .0515   -.0311   -.0388    .1724
    .5991   1.4002   2.4609   2.9931   2.4609   1.4002    .5991    .1725
   -.0388   -.0311    .0515   -.0137   -.0965   -.0137    .0515   -.0311
   -.0388    .1724    .5991   1.4002   2.4609   2.9931   2.4609   1.4002
    .5991    .1724   -.0388   -.0311    .0515   -.0137   -.0965   -.0137
    .0515   -.0311   -.0388    .1724    .5991   1.4002   2.4609   2.9931
   2.4609   1.4002    .5991    .1725   -.0388   -.0311    .0515   -.0137
   -.0965
   -.0245    .0542    .0540   -.0496   -.0351    .1805    .5999   1.3349
   2.1772   2.4609   1.9075   1.0463    .4290    .0907   -.0523   -.0087
    .0547    .0012   -.0245    .0542    .0540   -.0496   -.0351    .1805
    .5999   1.3348   2.1772   2.4609   1.9075   1.0463    .4290    .0907
   -.0523   -.0087    .0547    .0012   -.0245    .0542    .0540   -.0496
   -.0351    .1805    .5999   1.3349   2.1772   2.4609   1.9075   1.0463
    .4290    .0907   -.0523   -.0087    .0547    .0012   -.0245    .0542
    .0540   -.0496   -.0351    .1805    .5999   1.3348   2.1772   2.4609
   1.9075   1.0463    .4290    .0907   -.0523   -.0087    .0547    .0012
   -.0245
    .0355    .0668    .0499   -.0089   -.0080    .1263    .4348    .9072
   1.3349   1.4002   1.0463    .5482    .1678   -.0348   -.0810   -.0242
    .0276    .0270    .0355    .0668    .0499   -.0089   -.0080    .1263
    .4348    .9072   1.3349   1.4002   1.0463    .5482    .1678   -.0348
   -.0810   -.0242    .0276    .0270    .0355    .0668    .0499   -.0089
   -.0080    .1263    .4348    .9072   1.3349   1.4002   1.0463    .5482
    .1678   -.0348   -.0810   -.0242    .0276    .0270    .0355    .0668
    .0499   -.0089   -.0080    .1263    .4348    .9072   1.3349   1.4002
   1.0463    .5482    .1678   -.0348   -.0810   -.0242    .0276    .0270
    .0355
   -.0351   -.0167    .0413    .0567   -.0032    .0014    .1801    .4348
    .5999    .5991    .4290    .1678   -.0216   -.0570   -.0303   -.0328
   -.0405   -.0337   -.0351   -.0167    .0413    .0567   -.0032    .0014
    .1801    .4348    .5999    .5991    .4290    .1678   -.0216   -.0570
   -.0303   -.0328   -.0405   -.0337   -.0351   -.0167    .0413    .0567
   -.0032    .0014    .1801    .4348    .5999    .5991    .4290    .1678
   -.0216   -.0570   -.0303   -.0328   -.0405   -.0337   -.0351   -.0167
    .0413    .0567   -.0032    .0014    .1801    .4348    .5999    .5991
    .4290    .1678   -.0216   -.0570   -.0303   -.0328   -.0405   -.0337
   -.0351
   -.0650   -.0540    .0458    .0932   -.0063   -.0810    .0014    .1263
    .1805    .1724    .0907   -.0348   -.0570    .0416    .0734   -.0145
   -.0678   -.0534   -.0650   -.0540    .0458    .0932   -.0063   -.0810
    .0014    .1263    .1805    .1724    .0907   -.0348   -.0570    .0416
    .0735   -.0145   -.0678   -.0534   -.0650   -.0540    .0458    .0932
   -.0063   -.0810    .0014    .1263    .1805    .1724    .0907   -.0348
   -.0570    .0416    .0734   -.0145   -.0678   -.0534   -.0650   -.0540
    .0458    .0932   -.0063   -.0810    .0014    .1263    .1805    .1724
    .0907   -.0348   -.0570    .0416    .0735   -.0145   -.0678   -.0534
   -.0650
    .0096   -.0272    .0329    .0925    .0490   -.0063   -.0032   -.0080
   -.0351   -.0388   -.0523   -.0810   -.0303    .0734    .0721   -.0143
   -.0195    .0329    .0096   -.0272    .0329    .0925    .0490   -.0063
   -.0032   -.0080   -.0351   -.0388   -.0523   -.0810   -.0303    .0734
    .0721   -.0143   -.0195    .0329    .0096   -.0272    .0329    .0925
    .0490   -.0063   -.0032   -.0080   -.0351   -.0388   -.0523   -.0810
   -.0303    .0734    .0721   -.0143   -.0195    .0329    .0096   -.0272
    .0329    .0925    .0490   -.0063   -.0032   -.0080   -.0351   -.0388
   -.0523   -.0810   -.0303    .0734    .0721   -.0143   -.0195    .0329
    .0096
    .0258   -.0266   -.0120    .0514    .0925    .0932    .0567   -.0089
   -.0496   -.0311   -.0087   -.0242   -.0328   -.0145   -.0143   -.0223
    .0140    .0546    .0258   -.0266   -.0120    .0514    .0925    .0932
    .0567   -.0089   -.0496   -.0311   -.0087   -.0242   -.0328   -.0145
   -.0143   -.0223    .0140    .0546    .0258   -.0266   -.0120    .0514
    .0925    .0932    .0567   -.0089   -.0496   -.0311   -.0087   -.0242
   -.0328   -.0145   -.0143   -.0223    .0140    .0546    .0258   -.0266
   -.0120    .0514    .0925    .0932    .0567   -.0089   -.0496   -.0311
   -.0087   -.0242   -.0328   -.0145   -.0143   -.0223    .0140    .0546
    .0258
   -.0069   -.0091   -.0318   -.0120    .0329    .0458    .0413    .0499
    .0540    .0515    .0547    .0276   -.0405   -.0678   -.0195    .0140
   -.0133   -.0288   -.0069   -.0091   -.0318   -.0120    .0329    .0458
    .0413    .0499    .0540    .0515    .0547    .0276   -.0405   -.0678
   -.0195    .0140   -.0133   -.0288   -.0069   -.0091   -.0318   -.0120
    .0329    .0458    .0413    .0499    .0540    .0515    .0547    .0276
   -.0405   -.0678   -.0195    .0140   -.0133   -.0288   -.0069   -.0091
   -.0318   -.0120    .0329    .0458    .0413    .0499    .0540    .0515
    .0547    .0276   -.0405   -.0678   -.0195    .0140   -.0133   -.0288
   -.0069
    .0541    .0594   -.0091   -.0266   -.0272   -.0540   -.0167    .0668
    .0542   -.0137    .0012    .0270   -.0337   -.0534    .0329    .0546
   -.0288   -.0331    .0541    .0594   -.0091   -.0266   -.0272   -.0540
   -.0167    .0668    .0542   -.0137    .0012    .0270   -.0337   -.0534
    .0329    .0546   -.0288   -.0331    .0541    .0594   -.0091   -.0266
   -.0272   -.0540   -.0167    .0668    .0542   -.0137    .0012    .0270
   -.0337   -.0534    .0329    .0546   -.0288   -.0331    .0541    .0594
   -.0091   -.0266   -.0272   -.0540   -.0167    .0668    .0542   -.0137
    .0012    .0270   -.0337   -.0534    .0329    .0546   -.0288   -.0331
    .0541
    .1180    .0541   -.0069    .0258    .0096   -.0650   -.0351    .0355
   -.0245   -.0965   -.0245    .0355   -.0351   -.0650    .0096    .0258
   -.0069    .0541    .1180    .0541   -.0069    .0258    .0096   -.0650
   -.0351    .0355   -.0245   -.0965   -.0245    .0355   -.0351   -.0650
    .0096    .0258   -.0069    .0541    .1180    .0541   -.0069    .0258
    .0096   -.0650   -.0351    .0355   -.0245   -.0965   -.0245    .0355
   -.0351   -.0650    .0096    .0258   -.0069    .0541    .1180    .0541
   -.0069    .0258    .0096   -.0650   -.0351    .0355   -.0245   -.0965
   -.0245    .0355   -.0351   -.0650    .0096    .0258   -.0069    .0541
    .1180
    .0541   -.0331   -.0288    .0546    .0329   -.0534   -.0337    .0270
    .0012   -.0137    .0542    .0668   -.0167   -.0540   -.0272   -.0266
   -.0091    .0594    .0541   -.0331   -.0288    .0546    .0329   -.0534
   -.0337    .0270    .0012   -.0137    .0542    .0668   -.0167   -.0540
   -.0272   -.0266   -.0091    .0594    .0541   -.0331   -.0288    .0546
    .0329   -.0534   -.0337    .0270    .0012   -.0137    .0542    .0668
   -.0167   -.0540   -.0272   -.0266   -.0091    .0594    .0541   -.0331
   -.0288    .0546    .0329   -.0534   -.0337    .0270    .0012   -.0137
    .0542    .0668   -.0167   -.0540   -.0272   -.0266   -.0091    .0594
    .0541
   -.0069   -.0288   -.0133    .0140   -.0195   -.0678   -.0405    .0276
    .0547    .0515    .0540    .0499    .0413    .0458    .0329   -.0120
   -.0318   -.0091   -.0069   -.0288   -.0133    .0140   -.0195   -.0678
   -.0405    .0276    .0547    .0515    .0540    .0499    .0413    .0458
    .0329   -.0120   -.0318   -.0091   -.0069   -.0288   -.0133    .0140
   -.0195   -.0678   -.0405    .0276    .0547    .0515    .0540    .0499
    .0413    .0458    .0329   -.0120   -.0318   -.0091   -.0069   -.0288
   -.0133    .0140   -.0195   -.0678   -.0405    .0276    .0547    .0515
    .0540    .0499    .0413    .0458    .0329   -.0120   -.0318   -.0091
   -.0069
    .0258    .0546    .0140   -.0223   -.0143   -.0145   -.0328   -.0242
   -.0087   -.0311   -.0496   -.0089    .0567    .0932    .0925    .0514
   -.0120   -.0266    .0258    .0546    .0140   -.0223   -.0143   -.0145
   -.0328   -.0242   -.0087   -.0311   -.0496   -.0089    .0567    .0932
    .0925    .0514   -.0120   -.0266    .0258    .0546    .0140   -.0223
   -.0143   -.0145   -.0328   -.0242   -.0087   -.0311   -.0496   -.0089
    .0567    .0932    .0925    .0514   -.0120   -.0266    .0258    .0546
    .0140   -.0223   -.0143   -.0145   -.0328   -.0242   -.0087   -.0311
   -.0496   -.0089    .0567    .0932    .0925    .0514   -.0120   -.0266
    .0258
    .0096    .0329   -.0195   -.0143    .0721    .0734   -.0303   -.0810
   -.0523   -.0388   -.0351   -.0080   -.0032   -.0063    .0490    .0925
    .0329   -.0272    .0096    .0329   -.0195   -.0143    .0721    .0735
   -.0303   -.0810   -.0523   -.0388   -.0351   -.0080   -.0032   -.0063
    .0490    .0925    .0329   -.0272    .0096    .0329   -.0195   -.0143
    .0721    .0734   -.0303   -.0810   -.0523   -.0388   -.0351   -.0080
   -.0032   -.0063    .0490    .0925    .0329   -.0272    .0096    .0329
   -.0195   -.0143    .0721    .0735   -.0303   -.0810   -.0523   -.0388
   -.0351   -.0080   -.0032   -.0063    .0490    .0925    .0329   -.0272
    .0096
   -.0650   -.0534   -.0678   -.0145    .0734    .0416   -.0570   -.0348
    .0907    .1724    .1805    .1263    .0014   -.0810   -.0063    .0932
    .0458   -.0540   -.0650   -.0534   -.0678   -.0145    .0734    .0416
   -.0570   -.0348    .0907    .1724    .1805    .1263    .0014   -.0810
   -.0063    .0932    .0458   -.0540   -.0650   -.0534   -.0678   -.0145
    .0734    .0416   -.0570   -.0348    .0907    .1724    .1805    .1263
    .0014   -.0810   -.0063    .0932    .0458   -.0540   -.0650   -.0534
   -.0678   -.0145    .0734    .0416   -.0570   -.0348    .0907    .1724
    .1805    .1263    .0014   -.0810   -.0063    .0932    .0458   -.0540
   -.0650
   -.0351   -.0337   -.0405   -.0328   -.0303   -.0570   -.0216    .1678
    .4290    .5991    .5999    .4348    .1801    .0014   -.0032    .0567
    .0413   -.0167   -.0351   -.0337   -.0405   -.0328   -.0303   -.0570
   -.0216    .1678    .4290    .5991    .5999    .4348    .1801    .0014
   -.0032    .0567    .0413   -.0167   -.0351   -.0337   -.0405   -.0328
   -.0303   -.0570   -.0216    .1678    .4290    .5991    .5999    .4348
    .1801    .0014   -.0032    .0567    .0413   -.0167   -.0351   -.0337
   -.0405   -.0328   -.0303   -.0570   -.0216    .1678    .4290    .5991
    .5999    .4348    .1801    .0014   -.0032    .0567    .0413   -.0167
   -.0351
    .0355    .0270    .0276   -.0242   -.0810   -.0348    .1678    .5482
   1.0463   1.4002   1.3349    .9072    .4348    .1263   -.0080   -.0089
    .0499    .0668    .0355    .0270    .0276   -.0242   -.0810   -.0348
    .1678    .5482   1.0463   1.4002   1.3349    .9072    .4348    .1263
   -.0080   -.0089    .0499    .0668    .0355    .0270    .0276   -.0242
   -.0810   -.0348    .1678    .5482   1.0463   1.4002   1.3349    .9072
    .4348    .1263   -.0080   -.0089    .0499    .0668    .0355    .0270
    .0276   -.0242   -.0810   -.0348    .1678    .5482   1.0463   1.4002
   1.3349    .9072    .4348    .1263   -.0080   -.0089    .0499    .0668
    .0355
   -.0245    .0012    .0547   -.0087   -.0523    .0907    .4290   1.0463
   1.9075   2.4609   2.1772   1.3349    .5999    .1805   -.0351   -.0496
    .0540    .0542   -.0245    .0012    .0547   -.0087   -.0523    .0907
    .4290   1.0463   1.9074   2.4609   2.1772   1.3349    .5999    .1805
   -.0351   -.0496    .0540    .0542   -.0245    .0012    .0547   -.0087
   -.0523    .0907    .4290   1.0463   1.9075   2.4609   2.1772   1.3349
    .5999    .1805   -.0351   -.0496    .0540    .0542   -.0245    .0012
    .0547   -.0087   -.0523    .0907    .4290   1.0463   1.9074   2.4609
   2.1772   1.3349    .5999    .1805   -.0351   -.0496    .0540    .0542
   -.0245
   -.0965   -.0137    .0515   -.0311   -.0388    .1724    .5991   1.4002
   2.4609   2.9931   2.4609   1.4002    .5991    .1724   -.0388   -.0311
    .0515   -.0137   -.0965   -.0137    .0515   -.0311   -.0388    .1724
    .5991   1.4002   2.4609   2.9931   2.4609   1.4002    .5991    .1725
   -.0388   -.0311    .0515   -.0137   -.0965   -.0137    .0515   -.0311
   -.0388    .1724    .5991   1.4002   2.4609   2.9931   2.4609   1.4002
    .5991    .1724   -.0388   -.0311    .0515   -.0137   -.0965   -.0137
    .0515   -.0311   -.0388    .1724    .5991   1.4002   2.4609   2.9931
   2.4609   1.4002    .5991    .1725   -.0388   -.0311    .0515   -.0137
   -.0965
   -.0910    .0160    .0461   -.0923    .0421    .5991   2.0321   5.5638
  10.5017  12.9802  10.5018   5.5639   2.0322    .5991    .0421   -.0923
    .0461    .0160   -.0910    .0160    .0461   -.0923    .0421    .5990
   2.0321   5.5637  10.5017  12.9802  10.5019   5.5639   2.0322    .5991
    .0421   -.0923    .0461    .0160   -.0910    .0160    .0461   -.0923
    .0421    .5991   2.0321   5.5638  10.5017  12.9802  10.5018   5.5639
   2.0322    .5991    .0421   -.0923    .0461    .0160   -.0910    .0160
    .0461   -.0923    .0421    .5990   2.0321   5.5637  10.5017  12.9802
  10.5019   5.5639   2.0322    .5991    .0421   -.0923    .0461    .0160
   -.0910
   -.0681    .0088   -.0035   -.1220    .0547    .6097   1.9568   5.0478
   8.9866  10.5018   8.0411   4.0633   1.4656    .4219   -.0003   -.0171
    .1427    .0613   -.0681    .0088   -.0035   -.1220    .0547    .6097
   1.9568   5.0477   8.9865  10.5018   8.0411   4.0634   1.4657    .4219
   -.0003   -.0171    .1427    .0613   -.0681    .0088   -.0035   -.1220
    .0547    .6097   1.9568   5.0478   8.9866  10.5018   8.0411   4.0633
   1.4656    .4219   -.0003   -.0171    .1427    .0613   -.0681    .0088
   -.0035   -.1220    .0547    .6097   1.9568   5.0477   8.9865  10.5018
   8.0411   4.0634   1.4657    .4219   -.0003   -.0171    .1427    .0613
   -.0681
   -.0592    .0350    .0282   -.0789    .0404    .4474   1.3117   3.0535
   5.0478   5.5638   4.0633   2.0172    .7462    .1625   -.0792    .0052
    .1341    .0275   -.0592    .0350    .0282   -.0789    .0404    .4474
   1.3117   3.0534   5.0478   5.5638   4.0633   2.0172    .7462    .1625
   -.0792    .0052    .1341    .0275   -.0592    .0350    .0282   -.0789
    .0404    .4474   1.3117   3.0535   5.0478   5.5638   4.0633   2.0172
    .7462    .1625   -.0792    .0052    .1341    .0275   -.0592    .0350
    .0282   -.0789    .0404    .4474   1.3117   3.0534   5.0478   5.5638
   4.0633   2.0172    .7462    .1625   -.0792    .0052    .1341    .0275
   -.0592
   -.0878    .0107    .0280   -.0514   -.0298    .1853    .6234   1.3117
   1.9568   2.0322   1.4656    .7462    .2508   -.0094   -.0692    .0107
    .0290   -.0692   -.0878    .0107    .0280   -.0514   -.0298    .1853
    .6234   1.3117   1.9568   2.0322   1.4656    .7462    .2508   -.0094
   -.0692    .0107    .0290   -.0692   -.0878    .0107    .0280   -.0514
   -.0298    .1853    .6234   1.3117   1.9568   2.0322   1.4656    .7462
    .2508   -.0094   -.0692    .0107    .0290   -.0692   -.0878    .0107
    .0280   -.0514   -.0298    .1853    .6234   1.3117   1.9568   2.0322
   1.4656    .7462    .2508   -.0094   -.0692    .0107    .0290   -.0692
   -.0878
   -.0588   -.0451   -.0203   -.0205   -.0548   -.0142    .1853    .4474
    .6097    .5991    .4219    .1625   -.0094   -.0058    .0543    .0330
   -.0348   -.0633   -.0588   -.0451   -.0203   -.0205   -.0548   -.0142
    .1853    .4474    .6097    .5991    .4219    .1625   -.0094   -.0058
    .0543    .0330   -.0348   -.0633   -.0588   -.0451   -.0203   -.0205
   -.0548   -.0142    .1853    .4474    .6097    .5991    .4219    .1625
   -.0094   -.0058    .0543    .0330   -.0348   -.0633   -.0588   -.0451
   -.0203   -.0205   -.0548   -.0142    .1853    .4474    .6097    .5991
    .4219    .1625   -.0094   -.0058    .0543    .0330   -.0348   -.0633
   -.0588
    .0229   -.0712   -.0364    .0626    .0304   -.0548   -.0298    .0404
    .0547    .0421   -.0004   -.0792   -.0692    .0543    .0889   -.0137
   -.0388    .0418    .0229   -.0712   -.0364    .0626    .0304   -.0548
   -.0298    .0404    .0547    .0421   -.0003   -.0792   -.0692    .0543
    .0889   -.0137   -.0388    .0418    .0229   -.0712   -.0364    .0626
    .0304   -.0548   -.0298    .0404    .0547    .0421   -.0004   -.0792
   -.0692    .0543    .0889   -.0137   -.0388    .0418    .0229   -.0712
   -.0364    .0626    .0304   -.0548   -.0298    .0404    .0547    .0421
   -.0003   -.0792   -.0692    .0543    .0889   -.0137   -.0388    .0418
    .0229
    .0383   -.0635   -.0264    .0788    .0626   -.0205   -.0514   -.0789
   -.1220   -.0923   -.0171    .0052    .0107    .0330   -.0137   -.0942
   -.0462    .0673    .0383   -.0635   -.0264    .0788    .0626   -.0205
   -.0514   -.0789   -.1220   -.0923   -.0171    .0052    .0107    .0330
   -.0137   -.0942   -.0462    .0673    .0383   -.0635   -.0264    .0788
    .0626   -.0205   -.0514   -.0789   -.1220   -.0923   -.0171    .0052
    .0107    .0330   -.0137   -.0942   -.0462    .0673    .0383   -.0635
   -.0264    .0788    .0626   -.0205   -.0514   -.0789   -.1220   -.0923
   -.0171    .0052    .0107    .0330   -.0137   -.0942   -.0462    .0673
    .0383
    .0030   -.0256   -.0330   -.0264   -.0364   -.0203    .0280    .0282
   -.0035    .0461    .1428    .1341    .0290   -.0348   -.0388   -.0462
   -.0406   -.0048    .0030   -.0256   -.0330   -.0264   -.0364   -.0203
    .0280    .0282   -.0035    .0461    .1428    .1341    .0290   -.0348
   -.0388   -.0462   -.0406   -.0048    .0030   -.0256   -.0330   -.0264
   -.0364   -.0203    .0280    .0282   -.0035    .0461    .1428    .1341
    .0290   -.0348   -.0388   -.0462   -.0406   -.0048    .0030   -.0256
   -.0330   -.0264   -.0364   -.0203    .0280    .0282   -.0035    .0461
    .1428    .1341    .0290   -.0348   -.0388   -.0462   -.0406   -.0048
    .0030
    .0200    .0242   -.0256   -.0635   -.0712   -.0451    .0107    .0350
    .0088    .0160    .0613    .0275   -.0692   -.0633    .0418    .0673
   -.0048   -.0261    .0200    .0242   -.0256   -.0635   -.0712   -.0451
    .0107    .0350    .0088    .0160    .0613    .0275   -.0692   -.0633
    .0418    .0673   -.0048   -.0261    .0200    .0242   -.0256   -.0635
   -.0712   -.0451    .0107    .0350    .0088    .0160    .0613    .0275
   -.0692   -.0633    .0418    .0673   -.0048   -.0261    .0200    .0242
   -.0256   -.0635   -.0712   -.0451    .0107    .0350    .0088    .0160
    .0613    .0275   -.0692   -.0633    .0418    .0673   -.0048   -.0261
    .0200
    .0497    .0200    .0030    .0383    .0229   -.0588   -.0878   -.0592
   -.0681   -.0910   -.0681   -.0592   -.0878   -.0588    .0229    .0383
    .0030    .0200    .0497    .0200    .0030    .0383    .0229   -.0588
   -.0878   -.0592   -.0681   -.0910   -.0681   -.0592   -.0878   -.0588
    .0229    .0383    .0030    .0200    .0497    .0200    .0030    .0383
    .0229   -.0588   -.0878   -.0592   -.0681   -.0910   -.0681   -.0592
   -.0878   -.0588    .0229    .0383    .0030    .0200    .0497    .0200
    .0030    .0383    .0229   -.0588   -.0878   -.0592   -.0681   -.0910
   -.0681   -.0592   -.0878   -.0588    .0229    .0383    .0030    .0200
    .0497
    .0200   -.0261   -.0048    .0673    .0418   -.0633   -.0692    .0275
    .0613    .0160    .0088    .0350    .0107   -.0451   -.0712   -.0635
   -.0256    .0242    .0200   -.0261   -.0048    .0673    .0418   -.0633
   -.0692    .0275    .0613    .0160    .0088    .0350    .0107   -.0451
   -.0712   -.0635   -.0256    .0242    .0200   -.0261   -.0048    .0673
    .0418   -.0633   -.0692    .0275    .0613    .0160    .0088    .0350
    .0107   -.0451   -.0712   -.0635   -.0256    .0242    .0200   -.0261
   -.0048    .0673    .0418   -.0633   -.0692    .0275    .0613    .0160
    .0088    .0350    .0107   -.0451   -.0712   -.0635   -.0256    .0242
    .0200
    .0030   -.0048   -.0406   -.0462   -.0388   -.0348    .0290    .1341
    .1428    .0461   -.0035    .0282    .0280   -.0203   -.0364   -.0264
   -.0330   -.0256    .0030   -.0048   -.0406   -.0462   -.0388   -.0348
    .0290    .1341    .1428    .0461   -.0035    .0282    .0280   -.0203
   -.0364   -.0264   -.0330   -.0256    .0030   -.0048   -.0406   -.0462
   -.0388   -.0348    .0290    .1341    .1428    .0461   -.0035    .0282
    .0280   -.0203   -.0364   -.0264   -.0330   -.0256    .0030   -.0048
   -.0406   -.0462   -.0388   -.0348    .0290    .1341    .1428    .0461
   -.0035    .0282    .0280   -.0203   -.0364   -.0264   -.0330   -.0256
    .0030
    .0383    .0673   -.0462   -.0942   -.0137    .0330    .0107    .0052
   -.0171   -.0923   -.1220   -.0789   -.0514   -.0205    .0626    .0788
   -.0264   -.0635    .0383    .0673   -.0462   -.0942   -.0137    .0330
    .0107    .0052   -.0171   -.0923   -.1220   -.0789   -.0514   -.0205
    .0626    .0788   -.0263   -.0635    .0383    .0673   -.0462   -.0942
   -.0137    .0330    .0107    .0052   -.0171   -.0923   -.1220   -.0789
   -.0514   -.0205    .0626    .0788   -.0264   -.0635    .0383    .0673
   -.0462   -.0942   -.0137    .0330    .0107    .0052   -.0171   -.0923
   -.1220   -.0789   -.0514   -.0205    .0626    .0788   -.0263   -.0635
    .0383
    .0229    .0418   -.0388   -.0137    .0889    .0543   -.0692   -.0792
   -.0004    .0421    .0547    .0404   -.0298   -.0548    .0304    .0626
   -.0364   -.0712    .0229    .0418   -.0388   -.0137    .0889    .0543
   -.0692   -.0792   -.0004    .0421    .0547    .0404   -.0298   -.0548
    .0304    .0626   -.0364   -.0712    .0229    .0418   -.0388   -.0137
    .0889    .0543   -.0692   -.0792   -.0004    .0421    .0547    .0404
   -.0298   -.0548    .0304    .0626   -.0364   -.0712    .0229    .0418
   -.0388   -.0137    .0889    .0543   -.0692   -.0792   -.0004    .0421
    .0547    .0404   -.0298   -.0548    .0304    .0626   -.0364   -.0712
    .0229
   -.0588   -.0633   -.0348    .0330    .0543   -.0058   -.0094    .1625
    .4219    .5991    .6097    .4474    .1853   -.0142   -.0548   -.0205
   -.0203   -.0451   -.0588   -.0633   -.0348    .0330    .0543   -.0058
   -.0094    .1625    .4219    .5991    .6097    .4474    .1853   -.0142
   -.0548   -.0205   -.0203   -.0451   -.0588   -.0633   -.0348    .0330
    .0543   -.0058   -.0094    .1625    .4219    .5991    .6097    .4474
    .1853   -.0142   -.0548   -.0205   -.0203   -.0451   -.0588   -.0633
   -.0348    .0330    .0543   -.0058   -.0094    .1625    .4219    .5991
    .6097    .4474    .1853   -.0142   -.0548   -.0205   -.0203   -.0451
   -.0588
   -.0878   -.0692    .0290    .0107   -.0692   -.0094    .2508    .7461
   1.4656   2.0322   1.9568   1.3118    .6234    .1853   -.0298   -.0514
    .0280    .0107   -.0878   -.0692    .0290    .0107   -.0692   -.0094
    .2507    .7461   1.4656   2.0321   1.9568   1.3118    .6234    .1853
   -.0298   -.0514    .0280    .0107   -.0878   -.0692    .0290    .0107
   -.0692   -.0094    .2508    .7461   1.4656   2.0322   1.9568   1.3118
    .6234    .1853   -.0298   -.0514    .0280    .0107   -.0878   -.0692
    .0290    .0107   -.0692   -.0094    .2507    .7461   1.4656   2.0321
   1.9568   1.3118    .6234    .1853   -.0298   -.0514    .0280    .0107
   -.0878
   -.0592    .0275    .1341    .0052   -.0792    .1625    .7461   2.0172
   4.0633   5.5638   5.0478   3.0535   1.3118    .4474    .0404   -.0789
    .0282    .0350   -.0592    .0275    .1341    .0052   -.0792    .1625
    .7461   2.0172   4.0632   5.5638   5.0478   3.0535   1.3118    .4474
    .0405   -.0789    .0282    .0350   -.0592    .0275    .1341    .0052
   -.0792    .1625    .7461   2.0172   4.0633   5.5638   5.0478   3.0535
   1.3118    .4474    .0404   -.0789    .0282    .0350   -.0592    .0275
    .1341    .0052   -.0792    .1625    .7461   2.0172   4.0632   5.5638
   5.0478   3.0535   1.3118    .4474    .0405   -.0789    .0282    .0350
   -.0592
   -.0681    .0613    .1428   -.0171   -.0004    .4219   1.4656   4.0632
   8.0410  10.5018   8.9866   5.0478   1.9568    .6097    .0547   -.1220
   -.0035    .0088   -.0681    .0613    .1428   -.0171   -.0004    .4219
   1.4656   4.0632   8.0410  10.5018   8.9867   5.0479   1.9569    .6097
    .0547   -.1220   -.0035    .0088   -.0681    .0613    .1428   -.0171
   -.0004    .4219   1.4656   4.0632   8.0410  10.5018   8.9866   5.0478
   1.9568    .6097    .0547   -.1220   -.0035    .0088   -.0681    .0613
    .1428   -.0171   -.0004    .4219   1.4656   4.0632   8.0410  10.5018
   8.9867   5.0479   1.9569    .6097    .0547   -.1220   -.0035    .0088
   -.0681
   -.0910    .0160    .0461   -.0923    .0421    .5991   2.0321   5.5638
  10.5017  12.9802  10.5018   5.5639   2.0322    .5991    .0421   -.0923
    .0461    .0160   -.0910    .0160    .0461   -.0923    .0421    .5990
   2.0321   5.5637  10.5017  12.9802  10.5019   5.5639   2.0322    .5991
    .0421   -.0923    .0461    .0160   -.0910    .0160    .0461   -.0923
    .0421    .5991   2.0321   5.5638  10.5017  12.9802  10.5018   5.5639
   2.0322    .5991    .0421   -.0923    .0461    .0160   -.0910    .0160
    .0461   -.0923    .0421    .5990   2.0321   5.5637  10.5017  12.9802
  10.5019   5.5639   2.0322    .5991    .0421   -.0923    .0461    .0160
   -.0910
   -.0809    .0085    .0074   -.0593    .2718   1.4002   5.5638  16.1028
  30.1620  37.0246  30.1621  16.1030   5.5639   1.4002    .2718   -.0593
    .0074    .0085   -.0809    .0085    .0074   -.0593    .2718   1.4001
   5.5637  16.1026  30.1618  37.0246  30.1623  16.1031   5.5640   1.4002
    .2718   -.0593    .0074    .0085   -.0809    .0085    .0074   -.0593
    .2718   1.4002   5.5638  16.1028  30.1620  37.0246  30.1621  16.1030
   5.5639   1.4002    .2718   -.0593    .0074    .0085   -.0809    .0085
    .0074   -.0593    .2718   1.4001   5.5637  16.1026  30.1618  37.0246
  30.1623  16.1031   5.5640   1.4002    .2718   -.0593    .0074    .0085
   -.0809
   -.0894   -.0089   -.0174   -.0742    .2628   1.3305   5.0463  14.0465
  25.4331  30.1621  23.6503  12.1117   4.0644   1.0506    .2021   -.0072
    .1007    .0420   -.0894   -.0089   -.0174   -.0742    .2628   1.3305
   5.0462  14.0463  25.4329  30.1621  23.6505  12.1119   4.0645   1.0506
    .2021   -.0072    .1007    .0420   -.0894   -.0089   -.0174   -.0742
    .2628   1.3305   5.0463  14.0465  25.4331  30.1621  23.6503  12.1117
   4.0644   1.0506    .2021   -.0072    .1007    .0420   -.0894   -.0089
   -.0174   -.0742    .2628   1.3305   5.0462  14.0463  25.4329  30.1621
  23.6505  12.1119   4.0645   1.0506    .2021   -.0072    .1007    .0420
   -.0894
   -.0878    .0601    .0692   -.0451    .1714    .8989   3.0510   8.0156
  14.0465  16.1028  12.1117   5.9589   2.0220    .5598    .0459   -.0203
    .1042    .0033   -.0878    .0601    .0692   -.0451    .1713    .8989
   3.0510   8.0155  14.0465  16.1029  12.1118   5.9590   2.0221    .5598
    .0459   -.0203    .1042    .0033   -.0878    .0601    .0692   -.0451
    .1714    .8989   3.0510   8.0156  14.0465  16.1028  12.1117   5.9589
   2.0220    .5598    .0459   -.0203    .1042    .0033   -.0878    .0601
    .0692   -.0451    .1713    .8989   3.0510   8.0155  14.0465  16.1029
  12.1118   5.9590   2.0221    .5598    .0459   -.0203    .1042    .0033
   -.0878
   -.0449    .1028    .0870   -.0726    .0079    .4163   1.2996   3.0510
   5.0464   5.5638   4.0644   2.0220    .7659    .1969   -.0613   -.0279
    .0609   -.0264   -.0449    .1028    .0870   -.0726    .0079    .4163
   1.2996   3.0510   5.0463   5.5638   4.0644   2.0221    .7659    .1969
   -.0613   -.0279    .0609   -.0264   -.0449    .1028    .0870   -.0726
    .0079    .4163   1.2996   3.0510   5.0464   5.5638   4.0644   2.0220
    .7659    .1969   -.0613   -.0279    .0609   -.0264   -.0449    .1028
    .0870   -.0726    .0079    .4163   1.2996   3.0510   5.0463   5.5638
   4.0644   2.0221    .7659    .1969   -.0613   -.0279    .0609   -.0264
   -.0449
    .0191    .0308   -.0047   -.0756   -.0695    .0863    .4163    .8989
   1.3305   1.4002   1.0506    .5598    .1969    .0178   -.0154    .0335
    .0617    .0338    .0191    .0308   -.0047   -.0756   -.0695    .0863
    .4163    .8989   1.3305   1.4002   1.0506    .5598    .1969    .0178
   -.0155    .0335    .0617    .0338    .0191    .0308   -.0047   -.0756
   -.0695    .0863    .4163    .8989   1.3305   1.4002   1.0506    .5598
    .1969    .0178   -.0154    .0335    .0617    .0338    .0191    .0308
   -.0047   -.0756   -.0695    .0863    .4163    .8989   1.3305   1.4002
   1.0506    .5598    .1969    .0178   -.0155    .0335    .0617    .0338
    .0191
    .0645   -.0523   -.0467    .0362    .0031   -.0695    .0079    .1714
    .2628    .2718    .2021    .0459   -.0613   -.0154    .0459    .0199
    .0301    .1006    .0645   -.0523   -.0467    .0362    .0031   -.0695
    .0079    .1714    .2628    .2718    .2021    .0459   -.0613   -.0155
    .0459    .0199    .0301    .1006    .0645   -.0523   -.0467    .0362
    .0031   -.0695    .0079    .1714    .2628    .2718    .2021    .0459
   -.0613   -.0154    .0459    .0199    .0301    .1006    .0645   -.0523
   -.0467    .0362    .0031   -.0695    .0079    .1714    .2628    .2718
    .2021    .0459   -.0613   -.0155    .0459    .0199    .0301    .1006
    .0645
    .0698   -.0448   -.0138    .0882    .0362   -.0756   -.0726   -.0451
   -.0742   -.0593   -.0072   -.0203   -.0279    .0335    .0199   -.0831
   -.0576    .0791    .0698   -.0448   -.0138    .0882    .0362   -.0756
   -.0726   -.0451   -.0742   -.0593   -.0072   -.0203   -.0279    .0335
    .0199   -.0831   -.0576    .0791    .0698   -.0448   -.0138    .0882
    .0362   -.0756   -.0726   -.0451   -.0742   -.0593   -.0072   -.0203
   -.0279    .0335    .0199   -.0831   -.0576    .0791    .0698   -.0448
   -.0138    .0882    .0362   -.0756   -.0726   -.0451   -.0742   -.0593
   -.0072   -.0203   -.0279    .0335    .0199   -.0831   -.0576    .0791
    .0698
    .0279   -.0047   -.0064   -.0138   -.0467   -.0047    .0870    .0692
   -.0174    .0074    .1008    .1042    .0609    .0617    .0301   -.0576
   -.0685    .0059    .0279   -.0047   -.0064   -.0138   -.0467   -.0047
    .0870    .0692   -.0174    .0074    .1008    .1042    .0609    .0617
    .0301   -.0576   -.0685    .0059    .0279   -.0047   -.0064   -.0138
   -.0467   -.0047    .0870    .0692   -.0174    .0074    .1008    .1042
    .0609    .0617    .0301   -.0576   -.0685    .0059    .0279   -.0047
   -.0064   -.0138   -.0467   -.0047    .0870    .0692   -.0174    .0074
    .1008    .1042    .0609    .0617    .0301   -.0576   -.0685    .0059
    .0279
   -.0399   -.0101   -.0047   -.0448   -.0523    .0308    .1028    .0601
   -.0089    .0086    .0420    .0033   -.0264    .0338    .1006    .0791
    .0059   -.0417   -.0399   -.0101   -.0047   -.0448   -.0523    .0308
    .1028    .0601   -.0089    .0086    .0420    .0033   -.0264    .0338
    .1006    .0791    .0059   -.0417   -.0399   -.0101   -.0047   -.0448
   -.0523    .0308    .1028    .0601   -.0089    .0086    .0420    .0033
   -.0264    .0338    .1006    .0791    .0059   -.0417   -.0399   -.0101
   -.0047   -.0448   -.0523    .0308    .1028    .0601   -.0089    .0086
    .0420    .0033   -.0264    .0338    .1006    .0791    .0059   -.0417
   -.0399
   -.0745   -.0399    .0279    .0698    .0645    .0191   -.0449   -.0878
   -.0894   -.0809   -.0894   -.0878   -.0449    .0191    .0645    .0698
    .0279   -.0399   -.0745   -.0399    .0279    .0698    .0645    .0191
   -.0449   -.0878   -.0894   -.0809   -.0894   -.0878   -.0449    .0191
    .0645    .0698    .0279   -.0399   -.0745   -.0399    .0279    .0698
    .0645    .0191   -.0449   -.0878   -.0894   -.0809   -.0894   -.0878
   -.0449    .0191    .0645    .0698    .0279   -.0399   -.0745   -.0399
    .0279    .0698    .0645    .0191   -.0449   -.0878   -.0894   -.0809
   -.0894   -.0878   -.0449    .0191    .0645    .0698    .0279   -.0399
   -.0745
   -.0399   -.0417    .0059    .0791    .1006    .0338   -.0264    .0033
    .0420    .0086   -.0089    .0601    .1028    .0308   -.0523   -.0448
   -.0047   -.0101   -.0399   -.0417    .0059    .0791    .1006    .0338
   -.0264    .0033    .0420    .0086   -.0089    .0601    .1028    .0308
   -.0523   -.0448   -.0047   -.0101   -.0399   -.0417    .0059    .0791
    .1006    .0338   -.0264    .0033    .0420    .0086   -.0089    .0601
    .1028    .0308   -.0523   -.0448   -.0047   -.0101   -.0399   -.0417
    .0059    .0791    .1006    .0338   -.0264    .0033    .0420    .0086
   -.0089    .0601    .1028    .0308   -.0523   -.0448   -.0047   -.0101
   -.0399
    .0279    .0059   -.0685   -.0576    .0301    .0617    .0609    .1042
    .1008    .0074   -.0174    .0692    .0870   -.0047   -.0467   -.0138
   -.0064   -.0047    .0279    .0059   -.0685   -.0576    .0301    .0617
    .0609    .1042    .1008    .0074   -.0174    .0692    .0870   -.0047
   -.0467   -.0138   -.0064   -.0047    .0279    .0059   -.0685   -.0576
    .0301    .0617    .0609    .1042    .1008    .0074   -.0174    .0692
    .0870   -.0047   -.0467   -.0138   -.0064   -.0047    .0279    .0059
   -.0685   -.0576    .0301    .0617    .0609    .1042    .1008    .0074
   -.0174    .0692    .0870   -.0047   -.0467   -.0138   -.0064   -.0047
    .0279
    .0698    .0791   -.0576   -.0831    .0199    .0335   -.0279   -.0203
   -.0072   -.0593   -.0742   -.0451   -.0726   -.0756    .0362    .0882
   -.0138   -.0448    .0698    .0791   -.0576   -.0831    .0199    .0335
   -.0279   -.0203   -.0072   -.0593   -.0742   -.0451   -.0726   -.0756
    .0362    .0882   -.0138   -.0448    .0698    .0791   -.0576   -.0831
    .0199    .0335   -.0279   -.0203   -.0072   -.0593   -.0742   -.0451
   -.0726   -.0756    .0362    .0882   -.0138   -.0448    .0698    .0791
   -.0576   -.0831    .0199    .0335   -.0279   -.0203   -.0072   -.0593
   -.0742   -.0451   -.0726   -.0756    .0362    .0882   -.0138   -.0448
    .0698
    .0645    .1006    .0301    .0199    .0459   -.0154   -.0613    .0459
    .2021    .2718    .2628    .1714    .0079   -.0695    .0031    .0362
   -.0467   -.0523    .0645    .1006    .0301    .0199    .0459   -.0154
   -.0613    .0459    .2021    .2718    .2628    .1714    .0079   -.0695
    .0031    .0362   -.0467   -.0523    .0645    .1006    .0301    .0199
    .0459   -.0154   -.0613    .0459    .2021    .2718    .2628    .1714
    .0079   -.0695    .0031    .0362   -.0467   -.0523    .0645    .1006
    .0301    .0199    .0459   -.0154   -.0613    .0459    .2021    .2718
    .2628    .1714    .0079   -.0695    .0031    .0362   -.0467   -.0523
    .0645
    .0191    .0338    .0617    .0335   -.0154    .0178    .1969    .5598
   1.0506   1.4002   1.3305    .8989    .4163    .0863   -.0695   -.0756
   -.0047    .0308    .0191    .0338    .0617    .0335   -.0154    .0178
    .1969    .5598   1.0506   1.4002   1.3306    .8989    .4163    .0863
   -.0695   -.0756   -.0047    .0308    .0191    .0338    .0617    .0335
   -.0154    .0178    .1969    .5598   1.0506   1.4002   1.3305    .8989
    .4163    .0863   -.0695   -.0756   -.0047    .0308    .0191    .0338
    .0617    .0335   -.0154    .0178    .1969    .5598   1.0506   1.4002
   1.3306    .8989    .4163    .0863   -.0695   -.0756   -.0047    .0308
    .0191
   -.0449   -.0264    .0609   -.0279   -.0613    .1969    .7659   2.0220
   4.0644   5.5638   5.0464   3.0511   1.2997    .4163    .0079   -.0726
    .0870    .1028   -.0449   -.0264    .0609   -.0279   -.0613    .1969
    .7659   2.0220   4.0643   5.5638   5.0464   3.0511   1.2997    .4163
    .0079   -.0726    .0869    .1028   -.0449   -.0264    .0609   -.0279
   -.0613    .1969    .7659   2.0220   4.0644   5.5638   5.0464   3.0511
   1.2997    .4163    .0079   -.0726    .0870    .1028   -.0449   -.0264
    .0609   -.0279   -.0613    .1969    .7659   2.0220   4.0643   5.5638
   5.0464   3.0511   1.2997    .4163    .0079   -.0726    .0869    .1028
   -.0449
   -.0878    .0033    .1042   -.0203    .0459    .5598   2.0220   5.9589
  12.1116  16.1028  14.0466   8.0157   3.0511    .8989    .1714   -.0451
    .0692    .0601   -.0878    .0033    .1042   -.0203    .0459    .5598
   2.0220   5.9588  12.1115  16.1028  14.0467   8.0158   3.0511    .8990
    .1714   -.0451    .0692    .0601   -.0878    .0033    .1042   -.0203
    .0459    .5598   2.0220   5.9589  12.1116  16.1028  14.0466   8.0157
   3.0511    .8989    .1714   -.0451    .0692    .0601   -.0878    .0033
    .1042   -.0203    .0459    .5598   2.0220   5.9588  12.1115  16.1028
  14.0467   8.0158   3.0511    .8990    .1714   -.0451    .0692    .0601
   -.0878
   -.0894    .0420    .1007   -.0072    .2021   1.0506   4.0643  12.1116
  23.6502  30.1620  25.4332  14.0466   5.0464   1.3306    .2628   -.0742
   -.0174   -.0089   -.0894    .0420    .1007   -.0072    .2021   1.0505
   4.0643  12.1114  23.6500  30.1620  25.4334  14.0468   5.0465   1.3306
    .2628   -.0742   -.0174   -.0089   -.0894    .0420    .1007   -.0072
    .2021   1.0506   4.0643  12.1116  23.6502  30.1620  25.4332  14.0466
   5.0464   1.3306    .2628   -.0742   -.0174   -.0089   -.0894    .0420
    .1007   -.0072    .2021   1.0505   4.0643  12.1114  23.6500  30.1620
  25.4334  14.0468   5.0465   1.3306    .2628   -.0742   -.0174   -.0089
   -.0894
   -.0809    .0085    .0074   -.0593    .2718   1.4002   5.5638  16.1028
  30.1620  37.0246  30.1621  16.1030   5.5639   1.4002    .2718   -.0593
    .0074    .0085   -.0809    .0085    .0074   -.0593    .2718   1.4001
   5.5637  16.1026  30.1618  37.0246  30.1623  16.1031   5.5640   1.4002
    .2718   -.0593    .0074    .0085   -.0809    .0085    .0074   -.0593
    .2718   1.4002   5.5638  16.1028  30.1620  37.0246  30.1621  16.1030
   5.5639   1.4002    .2718   -.0593    .0074    .0085   -.0809    .0085
    .0074   -.0593    .2718   1.4001   5.5637  16.1026  30.1618  37.0246
  30.1623  16.1031   5.5640   1.4002    .2718   -.0593    .0074    .0085
   -.0809
    .0119    .0401   -.0321   -.0187    .5005   2.4608  10.5017  30.1619
  55.4898  67.6434  55.4901  30.1623  10.5019   2.4609    .5005   -.0187
   -.0321    .0401    .0119    .0401   -.0321   -.0187    .5005   2.4608
  10.5015  30.1615  55.4895  67.6434  55.4904  30.1626  10.5021   2.4610
    .5005   -.0187   -.0321    .0401    .0119    .0401   -.0321   -.0187
    .5005   2.4608  10.5017  30.1619  55.4898  67.6434  55.4901  30.1623
  10.5019   2.4609    .5005   -.0187   -.0321    .0401    .0119    .0401
   -.0321   -.0187    .5005   2.4608  10.5015  30.1615  55.4895  67.6434
  55.4904  30.1626  10.5021   2.4610    .5005   -.0187   -.0321    .0401
    .0119
   -.0343    .0277   -.0114   -.0100    .4609   2.1763   8.9883  25.4360
  46.2191  55.4899  44.6185  23.6472   8.0387   1.9070    .3941   -.0248
   -.0021    .0226   -.0343    .0277   -.0114   -.0100    .4609   2.1762
   8.9882  25.4357  46.2189  55.4900  44.6187  23.6475   8.0389   1.9070
    .3941   -.0248   -.0021    .0226   -.0343    .0277   -.0114   -.0100
    .4609   2.1763   8.9883  25.4360  46.2191  55.4899  44.6185  23.6472
   8.0387   1.9070    .3941   -.0248   -.0021    .0226   -.0343    .0277
   -.0114   -.0100    .4609   2.1762   8.9882  25.4357  46.2189  55.4900
  44.6187  23.6475   8.0389   1.9070    .3941   -.0248   -.0021    .0226
   -.0343
   -.0820    .0706    .0827   -.0045    .2915   1.3399   5.0544  14.0537
  25.4361  30.1621  23.6471  12.1046   4.0570   1.0400    .1683   -.0829
    .0009   -.0276   -.0820    .0706    .0827   -.0045    .2915   1.3398
   5.0543  14.0535  25.4360  30.1621  23.6473  12.1048   4.0571   1.0401
    .1683   -.0829    .0009   -.0276   -.0820    .0706    .0827   -.0045
    .2915   1.3399   5.0544  14.0537  25.4361  30.1621  23.6471  12.1046
   4.0570   1.0400    .1683   -.0829    .0009   -.0276   -.0820    .0706
    .0827   -.0045    .2915   1.3398   5.0543  14.0535  25.4360  30.1621
  23.6473  12.1048   4.0571   1.0401    .1683   -.0829    .0009   -.0276
   -.0820
   -.0538    .1087    .1160   -.0480    .0728    .6076   1.9610   5.0544
   8.9884  10.5018   8.0387   4.0570   1.4637    .4223   -.0300   -.1047
    .0230   -.0191   -.0538    .1087    .1160   -.0480    .0728    .6076
   1.9610   5.0543   8.9883  10.5018   8.0387   4.0570   1.4638    .4223
   -.0300   -.1047    .0230   -.0191   -.0538    .1087    .1160   -.0480
    .0728    .6076   1.9610   5.0544   8.9884  10.5018   8.0387   4.0570
   1.4637    .4223   -.0300   -.1047    .0230   -.0191   -.0538    .1087
    .1160   -.0480    .0728    .6076   1.9610   5.0543   8.9883  10.5018
   8.0387   4.0570   1.4638    .4223   -.0300   -.1047    .0230   -.0191
   -.0538
   -.0244    .0327    .0450   -.0411   -.0276    .1849    .6076   1.3399
   2.1763   2.4609   1.9070   1.0400    .4223    .0848   -.0640   -.0147
    .0738    .0284   -.0244    .0327    .0450   -.0411   -.0276    .1849
    .6076   1.3399   2.1763   2.4609   1.9070   1.0401    .4223    .0848
   -.0640   -.0147    .0738    .0284   -.0244    .0327    .0450   -.0411
   -.0276    .1849    .6076   1.3399   2.1763   2.4609   1.9070   1.0400
    .4223    .0848   -.0640   -.0147    .0738    .0284   -.0244    .0327
    .0450   -.0411   -.0276    .1849    .6076   1.3399   2.1763   2.4609
   1.9070   1.0401    .4223    .0848   -.0640   -.0147    .0738    .0284
   -.0244
   -.0151   -.0616   -.0101    .0634    .0277   -.0276    .0728    .2915
    .4609    .5005    .3941    .1683   -.0300   -.0640    .0012    .0359
    .0399    .0350   -.0151   -.0616   -.0101    .0634    .0277   -.0276
    .0728    .2915    .4609    .5005    .3941    .1683   -.0300   -.0640
    .0011    .0359    .0399    .0350   -.0151   -.0616   -.0101    .0634
    .0277   -.0276    .0728    .2915    .4609    .5005    .3941    .1683
   -.0300   -.0640    .0012    .0359    .0399    .0350   -.0151   -.0616
   -.0101    .0634    .0277   -.0276    .0728    .2915    .4609    .5005
    .3941    .1683   -.0300   -.0640    .0011    .0359    .0399    .0350
   -.0151
    .0355   -.0333   -.0016    .0949    .0634   -.0411   -.0480   -.0045
   -.0100   -.0187   -.0248   -.0829   -.1047   -.0147    .0359   -.0398
   -.0670    .0188    .0355   -.0333   -.0016    .0949    .0634   -.0410
   -.0480   -.0045   -.0100   -.0187   -.0248   -.0829   -.1047   -.0147
    .0359   -.0398   -.0670    .0187    .0355   -.0333   -.0016    .0949
    .0634   -.0411   -.0480   -.0045   -.0100   -.0187   -.0248   -.0829
   -.1047   -.0147    .0359   -.0398   -.0670    .0188    .0355   -.0333
   -.0016    .0949    .0634   -.0410   -.0480   -.0045   -.0100   -.0187
   -.0248   -.0829   -.1047   -.0147    .0359   -.0398   -.0670    .0187
    .0355
    .0615    .0369    .0142   -.0016   -.0101    .0450    .1160    .0827
   -.0114   -.0321   -.0021    .0009    .0230    .0738    .0399   -.0670
   -.0813    .0112    .0615    .0369    .0142   -.0016   -.0101    .0450
    .1160    .0827   -.0114   -.0321   -.0021    .0009    .0230    .0738
    .0399   -.0670   -.0813    .0112    .0615    .0369    .0142   -.0016
   -.0101    .0450    .1160    .0827   -.0114   -.0321   -.0021    .0009
    .0230    .0738    .0399   -.0670   -.0813    .0112    .0615    .0369
    .0142   -.0016   -.0101    .0450    .1160    .0827   -.0114   -.0321
   -.0021    .0009    .0230    .0738    .0399   -.0670   -.0813    .0112
    .0615
   -.0229    .0211    .0369   -.0333   -.0616    .0327    .1088    .0707
    .0277    .0401    .0226   -.0276   -.0191    .0284    .0350    .0188
    .0113   -.0123   -.0228    .0211    .0369   -.0333   -.0616    .0327
    .1088    .0707    .0277    .0401    .0226   -.0276   -.0191    .0284
    .0350    .0188    .0113   -.0123   -.0229    .0211    .0369   -.0333
   -.0616    .0327    .1088    .0707    .0277    .0401    .0226   -.0276
   -.0191    .0284    .0350    .0188    .0113   -.0123   -.0228    .0211
    .0369   -.0333   -.0616    .0327    .1088    .0707    .0277    .0401
    .0226   -.0276   -.0191    .0284    .0350    .0188    .0113   -.0123
   -.0229
   -.0923   -.0229    .0615    .0355   -.0151   -.0244   -.0538   -.0820
   -.0343    .0119   -.0343   -.0820   -.0538   -.0244   -.0151    .0355
    .0615   -.0228   -.0923   -.0229    .0615    .0355   -.0151   -.0244
   -.0538   -.0820   -.0343    .0119   -.0342   -.0820   -.0538   -.0244
   -.0151    .0355    .0615   -.0228   -.0923   -.0229    .0615    .0355
   -.0151   -.0244   -.0538   -.0820   -.0343    .0119   -.0343   -.0820
   -.0538   -.0244   -.0151    .0355    .0615   -.0228   -.0923   -.0229
    .0615    .0355   -.0151   -.0244   -.0538   -.0820   -.0343    .0119
   -.0342   -.0820   -.0538   -.0244   -.0151    .0355    .0615   -.0228
   -.0923
   -.0229   -.0123    .0113    .0188    .0350    .0284   -.0191   -.0276
    .0226    .0401    .0277    .0707    .1088    .0327   -.0616   -.0333
    .0369    .0211   -.0228   -.0123    .0113    .0188    .0350    .0284
   -.0191   -.0276    .0226    .0401    .0277    .0707    .1088    .0327
   -.0616   -.0333    .0369    .0211   -.0229   -.0123    .0113    .0188
    .0350    .0284   -.0191   -.0276    .0226    .0401    .0277    .0707
    .1088    .0327   -.0616   -.0333    .0369    .0211   -.0228   -.0123
    .0113    .0188    .0350    .0284   -.0191   -.0276    .0226    .0401
    .0277    .0707    .1088    .0327   -.0616   -.0333    .0369    .0211
   -.0229
    .0615    .0112   -.0813   -.0670    .0399    .0738    .0230    .0009
   -.0021   -.0321   -.0114    .0827    .1160    .0450   -.0101   -.0016
    .0142    .0369    .0615    .0113   -.0813   -.0670    .0399    .0738
    .0230    .0009   -.0021   -.0321   -.0114    .0827    .1160    .0450
   -.0101   -.0016    .0142    .0369    .0615    .0112   -.0813   -.0670
    .0399    .0738    .0230    .0009   -.0021   -.0321   -.0114    .0827
    .1160    .0450   -.0101   -.0016    .0142    .0369    .0615    .0113
   -.0813   -.0670    .0399    .0738    .0230    .0009   -.0021   -.0321
   -.0114    .0827    .1160    .0450   -.0101   -.0016    .0142    .0369
    .0615
    .0355    .0188   -.0670   -.0398    .0359   -.0147   -.1047   -.0829
   -.0248   -.0187   -.0100   -.0045   -.0480   -.0411    .0634    .0949
   -.0016   -.0333    .0355    .0188   -.0670   -.0398    .0359   -.0147
   -.1047   -.0829   -.0248   -.0187   -.0100   -.0045   -.0480   -.0411
    .0634    .0949   -.0016   -.0333    .0355    .0188   -.0670   -.0398
    .0359   -.0147   -.1047   -.0829   -.0248   -.0187   -.0100   -.0045
   -.0480   -.0411    .0634    .0949   -.0016   -.0333    .0355    .0188
   -.0670   -.0398    .0359   -.0147   -.1047   -.0829   -.0248   -.0187
   -.0100   -.0045   -.0480   -.0411    .0634    .0949   -.0016   -.0333
    .0355
   -.0151    .0350    .0399    .0359    .0012   -.0640   -.0300    .1683
    .3941    .5005    .4609    .2915    .0728   -.0276    .0277    .0634
   -.0101   -.0616   -.0151    .0350    .0399    .0359    .0012   -.0640
   -.0300    .1682    .3941    .5005    .4609    .2915    .0728   -.0276
    .0277    .0634   -.0101   -.0616   -.0151    .0350    .0399    .0359
    .0012   -.0640   -.0300    .1683    .3941    .5005    .4609    .2915
    .0728   -.0276    .0277    .0634   -.0101   -.0616   -.0151    .0350
    .0399    .0359    .0012   -.0640   -.0300    .1682    .3941    .5005
    .4609    .2915    .0728   -.0276    .0277    .0634   -.0101   -.0616
   -.0151
   -.0244    .0284    .0738   -.0147   -.0640    .0848    .4223   1.0400
   1.9070   2.4609   2.1763   1.3399    .6076    .1849   -.0276   -.0411
    .0450    .0327   -.0244    .0284    .0738   -.0147   -.0640    .0848
    .4223   1.0400   1.9070   2.4609   2.1763   1.3399    .6076    .1849
   -.0276   -.0411    .0450    .0327   -.0244    .0284    .0738   -.0147
   -.0640    .0848    .4223   1.0400   1.9070   2.4609   2.1763   1.3399
    .6076    .1849   -.0276   -.0411    .0450    .0327   -.0244    .0284
    .0738   -.0147   -.0640    .0848    .4223   1.0400   1.9070   2.4609
   2.1763   1.3399    .6076    .1849   -.0276   -.0411    .0450    .0327
   -.0244
   -.0538   -.0191    .0230   -.1047   -.0300    .4223   1.4637   4.0569
   8.0386  10.5018   8.9884   5.0544   1.9610    .6076    .0728   -.0480
    .1160    .1087   -.0538   -.0191    .0230   -.1047   -.0300    .4223
   1.4637   4.0569   8.0386  10.5018   8.9885   5.0545   1.9611    .6076
    .0728   -.0480    .1160    .1088   -.0538   -.0191    .0230   -.1047
   -.0300    .4223   1.4637   4.0569   8.0386  10.5018   8.9884   5.0544
   1.9610    .6076    .0728   -.0480    .1160    .1087   -.0538   -.0191
    .0230   -.1047   -.0300    .4223   1.4637   4.0569   8.0386  10.5018
   8.9885   5.0545   1.9611    .6076    .0728   -.0480    .1160    .1088
   -.0538
   -.0820   -.0276    .0009   -.0829    .1682   1.0400   4.0569  12.1045
  23.6470  30.1620  25.4362  14.0538   5.0544   1.3399    .2915   -.0045
    .0827    .0707   -.0820   -.0276    .0009   -.0829    .1682   1.0400
   4.0568  12.1043  23.6468  30.1620  25.4364  14.0540   5.0545   1.3399
    .2915   -.0045    .0827    .0707   -.0820   -.0276    .0009   -.0829
    .1682   1.0400   4.0569  12.1045  23.6470  30.1620  25.4362  14.0538
   5.0544   1.3399    .2915   -.0045    .0827    .0707   -.0820   -.0276
    .0009   -.0829    .1682   1.0400   4.0568  12.1043  23.6468  30.1620
  25.4364  14.0540   5.0545   1.3399    .2915   -.0045    .0827    .0707
   -.0820
   -.0343    .0226   -.0021   -.0249    .3941   1.9070   8.0386  23.6469
  44.6182  55.4899  46.2194  25.4363   8.9885   2.1763    .4609   -.0100
   -.0114    .0277   -.0343    .0226   -.0021   -.0249    .3941   1.9069
   8.0384  23.6466  44.6179  55.4899  46.2197  25.4366   8.9887   2.1764
    .4609   -.0100   -.0114    .0277   -.0343    .0226   -.0021   -.0249
    .3941   1.9070   8.0386  23.6469  44.6182  55.4899  46.2194  25.4363
   8.9885   2.1763    .4609   -.0100   -.0114    .0277   -.0343    .0226
   -.0021   -.0249    .3941   1.9069   8.0384  23.6466  44.6179  55.4899
  46.2197  25.4366   8.9887   2.1764    .4609   -.0100   -.0114    .0277
   -.0343
    .0119    .0401   -.0321   -.0187    .5005   2.4608  10.5017  30.1619
  55.4898  67.6434  55.4901  30.1623  10.5019   2.4609    .5005   -.0187
   -.0321    .0401    .0119    .0401   -.0321   -.0187    .5005   2.4608
  10.5015  30.1615  55.4895  67.6434  55.4904  30.1626  10.5021   2.4610
    .5005   -.0187   -.0321    .0401    .0119    .0401   -.0321   -.0187
    .5005   2.4608  10.5017  30.1619  55.4898  67.6434  55.4901  30.1623
  10.5019   2.4609    .5005   -.0187   -.0321    .0401    .0119    .0401
   -.0321   -.0187    .5005   2.4608  10.5015  30.1615  55.4895  67.6434
  55.4904  30.1626  10.5021   2.4610    .5005   -.0187   -.0321    .0401
    .0119
    .0818    .0723   -.0482   -.0108    .5907   2.9931  12.9801  37.0245
  67.6432  82.2554  67.6436  37.0249  12.9803   2.9932    .5908   -.0108
   -.0482    .0723    .0818    .0723   -.0482   -.0108    .5907   2.9930
  12.9798  37.0240  67.6428  82.2554  67.6440  37.0253  12.9805   2.9932
    .5908   -.0108   -.0482    .0723    .0818    .0723   -.0482   -.0108
    .5907   2.9931  12.9801  37.0245  67.6432  82.2554  67.6436  37.0249
  12.9803   2.9932    .5908   -.0108   -.0482    .0723    .0818    .0723
   -.0482   -.0108    .5907   2.9930  12.9798  37.0240  67.6428  82.2554
  67.6440  37.0253  12.9805   2.9932    .5908   -.0108   -.0482    .0723
    .0818
    .0119    .0401   -.0321   -.0187    .5005   2.4608  10.5017  30.1619
  55.4898  67.6434  55.4901  30.1623  10.5019   2.4609    .5005   -.0187
   -.0321    .0401    .0119    .0401   -.0321   -.0187    .5005   2.4608
  10.5015  30.1615  55.4895  67.6434  55.4904  30.1626  10.5021   2.4610
    .5005   -.0187   -.0321    .0401    .0119    .0401   -.0321   -.0187
    .5005   2.4608  10.5017  30.1619  55.4898  67.6434  55.4901  30.1623
  10.5019   2.4609    .5005   -.0187   -.0321    .0401    .0119    .0401
   -.0321   -.0187    .5005   2.4608  10.5015  30.1615  55.4895  67.6434
  55.4904  30.1626  10.5021   2.4610    .5005   -.0187   -.0321    .0401
    .0119
   -.0809    .0085    .0074   -.0593    .2718   1.4002   5.5638  16.1028
  30.1620  37.0246  30.1621  16.1030   5.5639   1.4002    .2718   -.0593
    .0074    .0085   -.0809    .0085    .0074   -.0593    .2718   1.4002
   5.5637  16.1026  30.1618  37.0246  30.1623  16.1031   5.5640   1.4002
    .2718   -.0593    .0074    .0085   -.0809    .0085    .0074   -.0593
    .2718   1.4002   5.5638  16.1028  30.1620  37.0246  30.1621  16.1030
   5.5639   1.4002    .2718   -.0593    .0074    .0085   -.0809    .0085
    .0074   -.0593    .2718   1.4002   5.5637  16.1026  30.1618  37.0246
  30.1623  16.1031   5.5640   1.4002    .2718   -.0593    .0074    .0085
   -.0809
   -.0910    .0160    .0461   -.0923    .0421    .5991   2.0321   5.5638
  10.5017  12.9802  10.5018   5.5639   2.0322    .5991    .0421   -.0923
    .0461    .0160   -.0910    .0160    .0461   -.0923    .0421    .5990
   2.0321   5.5637  10.5017  12.9802  10.5019   5.5639   2.0322    .5991
    .0421   -.0923    .0461    .0160   -.0910    .0160    .0461   -.0923
    .0421    .5991   2.0321   5.5638  10.5017  12.9802  10.5018   5.5639
   2.0322    .5991    .0421   -.0923    .0461    .0160   -.0910    .0160
    .0461   -.0923    .0421    .5990   2.0321   5.5637  10.5017  12.9802
  10.5019   5.5639   2.0322    .5991    .0421   -.0923    .0461    .0160
   -.0910
   -.0965   -.0137    .0515   -.0311   -.0388    .1724    .5991   1.4002
   2.4609   2.9931   2.4609   1.4002    .5991    .1725   -.0388   -.0311
    .0515   -.0137   -.0965   -.0137    .0515   -.0311   -.0388    .1724
    .5991   1.4002   2.4609   2.9931   2.4609   1.4002    .5991    .1725
   -.0388   -.0311    .0515   -.0137   -.0965   -.0137    .0515   -.0311
   -.0388    .1724    .5991   1.4002   2.4609   2.9931   2.4609   1.4002
    .5991    .1725   -.0388   -.0311    .0515   -.0137   -.0965   -.0137
    .0515   -.0311   -.0388    .1724    .5991   1.4002   2.4609   2.9931
   2.4609   1.4002    .5991    .1725   -.0388   -.0311    .0515   -.0137
   -.0965
   -.0990   -.0678    .0079    .0572    .0168   -.0388    .0421    .2718
    .5005    .5908    .5005    .2718    .0421   -.0388    .0168    .0572
    .0079   -.0678   -.0990   -.0678    .0078    .0572    .0168   -.0388
    .0421    .2718    .5005    .5908    .5005    .2718    .0421   -.0388
    .0168    .0572    .0079   -.0678   -.0990   -.0678    .0079    .0572
    .0168   -.0388    .0421    .2718    .5005    .5908    .5005    .2718
    .0421   -.0388    .0168    .0572    .0079   -.0678   -.0990   -.0678
    .0078    .0572    .0168   -.0388    .0421    .2718    .5005    .5908
    .5005    .2718    .0421   -.0388    .0168    .0572    .0079   -.0678
   -.0990
   -.0083   -.0403   -.0452    .0331    .0572   -.0311   -.0923   -.0593
   -.0187   -.0108   -.0187   -.0593   -.0923   -.0311    .0572    .0331
   -.0452   -.0403   -.0083   -.0403   -.0452    .0331    .0572   -.0311
   -.0923   -.0593   -.0187   -.0108   -.0187   -.0593   -.0923   -.0311
    .0572    .0331   -.0452   -.0403   -.0083   -.0403   -.0452    .0331
    .0572   -.0311   -.0923   -.0593   -.0187   -.0108   -.0187   -.0593
   -.0923   -.0311    .0572    .0331   -.0452   -.0403   -.0083   -.0403
   -.0452    .0331    .0572   -.0311   -.0923   -.0593   -.0187   -.0108
   -.0187   -.0593   -.0923   -.0311    .0572    .0331   -.0452   -.0403
   -.0083
    .0735    .0309   -.0382   -.0452    .0079    .0515    .0461    .0074
   -.0321   -.0482   -.0321    .0074    .0461    .0515    .0079   -.0452
   -.0382    .0309    .0735    .0309   -.0382   -.0452    .0079    .0515
    .0461    .0074   -.0321   -.0482   -.0321    .0074    .0461    .0515
    .0079   -.0452   -.0382    .0309    .0735    .0309   -.0382   -.0452
    .0079    .0515    .0461    .0074   -.0321   -.0482   -.0321    .0074
    .0461    .0515    .0079   -.0452   -.0382    .0309    .0735    .0309
   -.0382   -.0452    .0079    .0515    .0461    .0074   -.0321   -.0482
   -.0321    .0074    .0461    .0515    .0079   -.0452   -.0382    .0309
    .0735
    .0059    .0315    .0309   -.0403   -.0678   -.0137    .0160    .0086
    .0401    .0723    .0401    .0086    .0160   -.0137   -.0678   -.0403
    .0309    .0315    .0059    .0315    .0309   -.0403   -.0678   -.0137
    .0160    .0086    .0401    .0723    .0401    .0086    .0160   -.0137
   -.0678   -.0403    .0309    .0315    .0059    .0315    .0309   -.0403
   -.0678   -.0137    .0160    .0086    .0401    .0723    .0401    .0086
    .0160   -.0137   -.0678   -.0403    .0309    .0315    .0059    .0315
    .0309   -.0403   -.0678   -.0137    .0160    .0086    .0401    .0723
    .0401    .0086    .0160   -.0137   -.0678   -.0403    .0309    .0315
    .0059
   -.0685    .0059    .0735   -.0083   -.0990   -.0965   -.0910   -.0809
    .0119    .0818    .0119   -.0809   -.0910   -.0965   -.0990   -.0083
    .0735    .0059   -.0685    .0059    .0735   -.0083   -.0990   -.0965
   -.0910   -.0809    .0119    .0818    .0119   -.0809   -.0910   -.0965
   -.0990   -.0083    .0735    .0059   -.0685    .0059    .0735   -.0083
   -.0990   -.0965   -.0910   -.0809    .0119    .0818    .0119   -.0809
   -.0910   -.0965   -.0990   -.0083    .0735    .0059   -.0685    .0059
    .0735   -.0083   -.0990   -.0965   -.0910   -.0809    .0119    .0818
    .0119   -.0809   -.0910   -.0965   -.0990   -.0083    .0735    .0059
   -.0685
    .0059    .0315    .0309   -.0403   -.0678   -.0137    .0160    .0086
    .0401    .0723    .0401    .0086    .0160   -.0137   -.0678   -.0403
    .0309    .0315    .0059    .0315    .0309   -.0403   -.0678   -.0137
    .0160    .0086    .0401    .0723    .0401    .0086    .0160   -.0137
   -.0678   -.0403    .0309    .0315    .0059    .0315    .0309   -.0403
   -.0678   -.0137    .0160    .0086    .0401    .0723    .0401    .0086
    .0160   -.0137   -.0678   -.0403    .0309    .0315    .0059    .0315
    .0309   -.0403   -.0678   -.0137    .0160    .0086    .0401    .0723
    .0401    .0086    .0160   -.0137   -.0678   -.0403    .0309    .0315
    .0059
    .0735    .0309   -.0382   -.0452    .0079    .0515    .0461    .0074
   -.0321   -.0482   -.0321    .0074    .0461    .0515    .0079   -.0452
   -.0382    .0309    .0735    .0309   -.0382   -.0452    .0079    .0515
    .0461    .0074   -.0321   -.0482   -.0321    .0074    .0461    .0515
    .0079   -.0452   -.0382    .0309    .0735    .0309   -.0382   -.0452
    .0079    .0515    .0461    .0074   -.0321   -.0482   -.0321    .0074
    .0461    .0515    .0079   -.0452   -.0382    .0309    .0735    .0309
   -.0382   -.0452    .0079    .0515    .0461    .0074   -.0321   -.0482
   -.0321    .0074    .0461    .0515    .0079   -.0452   -.0382    .0309
    .0735
   -.0083   -.0403   -.0452    .0331    .0572   -.0311   -.0923   -.0593
   -.0187   -.0108   -.0187   -.0593   -.0923   -.0311    .0572    .0331
   -.0452   -.0403   -.0083   -.0403   -.0452    .0331    .0572   -.0311
   -.0923   -.0593   -.0187   -.0108   -.0187   -.0593   -.0923   -.0311
    .0572    .0331   -.0452   -.0403   -.0083   -.0403   -.0452    .0331
    .0572   -.0311   -.0923   -.0593   -.0187   -.0108   -.0187   -.0593
   -.0923   -.0311    .0572    .0331   -.0452   -.0403   -.0083   -.0403
   -.0452    .0331    .0572   -.0311   -.0923   -.0593   -.0187   -.0108
   -.0187   -.0593   -.0923   -.0311    .0572    .0331   -.0452   -.0403
   -.0083
   -.0990   -.0678    .0079    .0572    .0168   -.0388    .0421    .2718
    .5005    .5908    .5005    .2718    .0421   -.0388    .0168    .0572
    .0079   -.0678   -.0990   -.0678    .0078    .0572    .0168   -.0388
    .0421    .2718    .5005    .5908    .5005    .2718    .0421   -.0388
    .0168    .0572    .0079   -.0678   -.0990   -.0678    .0079    .0572
    .0168   -.0388    .0421    .2718    .5005    .5908    .5005    .2718
    .0421   -.0388    .0168    .0572    .0079   -.0678   -.0990   -.0678
    .0078    .0572    .0168   -.0388    .0421    .2718    .5005    .5908
    .5005    .2718    .0421   -.0388    .0168    .0572    .0079   -.0678
   -.0990
   -.0965   -.0137    .0515   -.0311   -.0388    .1724    .5991   1.4002
   2.4609   2.9931   2.4609   1.4002    .5991    .1725   -.0388   -.0311
    .0515   -.0137   -.0965   -.0137    .0515   -.0311   -.0388    .1724
    .5991   1.4002   2.4609   2.9931   2.4609   1.4002    .5991    .1725
   -.0388   -.0311    .0515   -.0137   -.0965   -.0137    .0515   -.0311
   -.0388    .1724    .5991   1.4002   2.4609   2.9931   2.4609   1.4002
    .5991    .1725   -.0388   -.0311    .0515   -.0137   -.0965   -.0137
    .0515   -.0311   -.0388    .1724    .5991   1.4002   2.4609   2.9931
   2.4609   1.4002    .5991    .1725   -.0388   -.0311    .0515   -.0137
   -.0965
   -.0910    .0160    .0461   -.0923    .0421    .5991   2.0321   5.5638
  10.5017  12.9802  10.5018   5.5639   2.0322    .5991    .0421   -.0923
    .0461    .0160   -.0910    .0160    .0461   -.0923    .0421    .5990
   2.0321   5.5637  10.5017  12.9802  10.5019   5.5639   2.0322    .5991
    .0421   -.0923    .0461    .0160   -.0910    .0160    .0461   -.0923
    .0421    .5991   2.0321   5.5638  10.5017  12.9802  10.5018   5.5639
   2.0322    .5991    .0421   -.0923    .0461    .0160   -.0910    .0160
    .0461   -.0923    .0421    .5990   2.0321   5.5637  10.5017  12.9802
  10.5019   5.5639   2.0322    .5991    .0421   -.0923    .0461    .0160
   -.0910
   -.0809    .0085    .0074   -.0593    .2718   1.4002   5.5638  16.1028
  30.1620  37.0246  30.1621  16.1030   5.5639   1.4002    .2718   -.0593
    .0074    .0085   -.0809    .0085    .0074   -.0593    .2718   1.4002
   5.5637  16.1026  30.1618  37.0246  30.1623  16.1031   5.5640   1.4002
    .2718   -.0593    .0074    .0085   -.0809    .0085    .0074   -.0593
    .2718   1.4002   5.5638  16.1028  30.1620  37.0246  30.1621  16.1030
   5.5639   1.4002    .2718   -.0593    .0074    .0085   -.0809    .0085
    .0074   -.0593    .2718   1.4002   5.5637  16.1026  30.1618  37.0246
  30.1623  16.1031   5.5640   1.4002    .2718   -.0593    .0074    .0085
   -.0809
    .0119    .0401   -.0321   -.0187    .5005   2.4608  10.5017  30.1619
  55.4898  67.6434  55.4901  30.1623  10.5019   2.4609    .5005   -.0187
   -.0321    .0401    .0119    .0401   -.0321   -.0187    .5005   2.4608
  10.5015  30.1615  55.4895  67.6434  55.4904  30.1626  10.5021   2.4610
    .5005   -.0187   -.0321    .0401    .0119    .0401   -.0321   -.0187
    .5005   2.4608  10.5017  30.1619  55.4898  67.6434  55.4901  30.1623
  10.5019   2.4609    .5005   -.0187   -.0321    .0401    .0119    .0401
   -.0321   -.0187    .5005   2.4608  10.5015  30.1615  55.4895  67.6434
  55.4904  30.1626  10.5021   2.4610    .5005   -.0187   -.0321    .0401
    .0119
    .0818    .0723   -.0482   -.0108    .5907   2.9931  12.9801  37.0245
  67.6432  82.2554  67.6436  37.0249  12.9803   2.9932    .5908   -.0108
   -.0482    .0723    .0818    .0723   -.0482   -.0108    .5907   2.9930
  12.9798  37.0240  67.6428  82.2554  67.6440  37.0253  12.9805   2.9932
    .5908   -.0108   -.0482    .0723    .0818    .0723   -.0482   -.0108
    .5907   2.9931  12.9801  37.0245  67.6432  82.2554  67.6436  37.0249
  12.9803   2.9932    .5908   -.0108   -.0482    .0723    .0818    .0723
   -.0482   -.0108    .5907   2.9930  12.9798  37.0240  67.6428  82.2554
  67.6440  37.0253  12.9805   2.9932    .5908   -.0108   -.0482    .0723
    .0818
